,公司名稱,公司類別描述,職缺名稱,職務性質,職務內容,更新日期,職缺連結,公司地址,地區,經歷,學歷
0,樂方股份有限公司,電腦軟體服務業,Python Senior Engineer,1,"BigGo - Python 資深程式設計師 高雄 / 台北 
BigGo是全球第一間跨境的商品搜尋引擎，是台灣與泰國最大的比價服務網站。我們正在為全球市場招募Python 工程師。
BigGo 用了數十種不同的程式語言再各種地方，但是最重要的就",3/22,https://www.104.com.tw/job/70972?ro=0&kwop=7&keyword=Python&order=15&asc=0&page=1&mode=s&jobsource=jolist_a_relevance,高雄市鼓山區中華一路828號13樓,高雄市鼓山區,4年以上,碩士
1,威寶數位科技股份有限公司,其他商品批發業,Python工程師,1,"PyTorch等。
5. 自主編寫程式與調試，能使用Python實現預定的演算法邏輯。
6. 本職務須可自我管理，並對工作有高度責任感。",1/21,https://www.104.com.tw/job/6z366?ro=0&kwop=7&keyword=Python&order=15&asc=0&page=1&mode=s&jobsource=jolist_a_relevance,基隆市信義區基隆市信義區信一路148號,基隆市信義區,1年以上,專科
2,樂方股份有限公司,電腦軟體服務業,Python Engineer,1,"BigGo - Python 程式設計師 高雄 / Work From Home
BigGo是全球第一間跨境的商品搜尋引擎，是台灣/泰國跟馬來西亞最大的比價服務網站。我們正在為全球市場招募Python 工程師。
BigGo 用了數十種不同的程式語",3/22,https://www.104.com.tw/job/63ffy?ro=0&kwop=7&keyword=Python&order=15&asc=0&page=1&mode=s&jobsource=jolist_a_relevance,高雄市鼓山區中華一路828號13樓,高雄市鼓山區,經歷不拘,大學
3,瑪樂愛迪科技股份有限公司,廣告行銷公關業,Data Engineer | Python,1,"脈絡的能力
．具有程式撰寫能力，例如 Python
．注重細節的團隊合作者，具有良好的溝通能力
．可以撰寫爬蟲程式並對主流社群媒體平台抓取資料，如：Facebook、Instagram、Youtube 

【加分但不是必須】
．具有數據分析框架的經",3/22,https://www.104.com.tw/job/77ymq?ro=0&kwop=7&keyword=Python&order=15&asc=0&page=1&mode=s&jobsource=jolist_a_relevance,台北市信義區信義路四段415號8樓之4,台北市信義區,經歷不拘,專科
4,皇霖實業股份有限公司,紡織成衣業,Python工程師,1,"- 熟悉Python語言撰寫實務經驗1年以上。
- 可獨立或與團隊合作，工作態度積極、負責，能配合公司規定。
- 依不同經驗及能力來負責系統之分析(SA)、設計(SD)以及程式撰寫(PG)。
- 配合公司專案需求至客戶端駐點服務。",3/21,https://www.104.com.tw/job/77phe?ro=0&kwop=7&keyword=Python&order=15&asc=0&page=1&mode=s&jobsource=jolist_a_relevance,台北市信義區,台北市信義區,1年以上,專科
5,春水堂科技娛樂股份有限公司,數位內容產業,Python資深/工程師,1,"1.	獨立開發Python應用程式與測試除錯
2.	使用Python Web framework實務開發經驗
3.	熟Restful API開發
4.	熟關聯式資料庫SQL語法以及MongoDB和Redis操作
5.	熟Web前端",3/19,https://www.104.com.tw/job/77pnl?ro=0&kwop=7&keyword=Python&order=15&asc=0&page=1&mode=s&jobsource=jolist_a_relevance,台北市內湖區洲子街106號10樓,台北市內湖區,2年以上,專科
6,台灣宸運雲端有限公司,其它軟體及網路相關業,Python 工程師,1,"工作內容：
- Python 監控與維運系統開發。

職務要求： 
- Python 實務開發經驗。
- 熟悉 JSON 、RESTful Web Services。
- 具有 Git 版本控制相關知識。
- 熟悉 Linux 基本常見指令。
-",3/24,https://www.104.com.tw/job/6guen?ro=0&kwop=7&keyword=Python&order=15&asc=0&page=1&mode=s&jobsource=jolist_a_relevance,台中市西屯區安和路168號6樓之一,台中市西屯區,1年以上,學歷不拘
7,禾向數位科技有限公司,電腦軟體服務業,Python Backend Engineer,1,"1. 負責搭建和持續改進項目平台
2. 負責數據分析平台開發與優化
3. 持續提升團隊工程效率，探索符合團隊特色的工作流

必備條件(含技術工具、語言及工作經歷)：
- 資訊相關科系大學以上學歷、至少1年的後端Web開發經驗
- 熟悉Python",3/24,https://www.104.com.tw/job/71i7c?ro=0&kwop=7&keyword=Python&order=15&asc=0&page=1&mode=s&jobsource=jolist_a_relevance,台北市內湖區瑞光路358巷,台北市內湖區,1年以上,專科
8,達暉資訊有限公司,電腦系統整合服務業,Python工程師,1,"必要條件：
・1年 Python3+ 開發經驗（遵守 PEP 8 規範)
・熟悉 Django MTV 框架, Python ORM (Django ORM, SQLAlchemy)
・熟悉 Docker 建立及管理專案

°o‧° °o‧° °",3/24,https://www.104.com.tw/job/6xwvw?ro=0&kwop=7&keyword=Python&order=15&asc=0&page=1&mode=s&jobsource=jolist_a_relevance,台北市信義區基隆路二段189號14樓之10,台北市信義區,1年以上,專科
9,億力資訊股份有限公司,電腦軟體服務業,python工程師,1,"1.熟悉Git或其他版控工具 (must)
2. 具備2年以上Python程式開發、維護經驗 (must)
3. 熟悉DJango or Flask框架
4.具備2年以上RDB開發經驗 (must)，MySQL為佳
5. 熟悉AWS服務及其API",3/22,https://www.104.com.tw/job/788vw?ro=0&kwop=7&keyword=Python&order=15&asc=0&page=1&mode=s&jobsource=jolist_a_relevance,台北市松山區民權東路三段142號5樓506室,台北市松山區,經歷不拘,專科
10,緯德科技股份有限公司 (TechLink Corporation),電腦軟體服務業,Python工程師,1,"- 熟悉Python語言撰寫實務經驗1年以上。
- 可獨立或與團隊合作，工作態度積極、負責，能配合公司規定。
- 依不同經驗及能力來負責系統之分析(SA)、設計(SD)以及程式撰寫(PG)。
- 配合公司專案需求至客戶端駐點服務。",3/22,https://www.104.com.tw/job/695ve?ro=0&kwop=7&keyword=Python&order=15&asc=0&page=1&mode=s&jobsource=jolist_a_relevance,台北市松山區敦化北路207號8F-13,台北市松山區,1年以上,專科
11,汎神國際有限公司,電腦系統整合服務業,python工程師,1,"

●   3年以上python工程師經驗。

●   內部資料轉換ERP。

●   負責數據品質之管理及監控，並優化相關機制。


★ 技術需求/ 框架/工具：

1.  具備 Python 之程式語言能力及開發技術。
2.  熟悉 C# 及",3/24,https://www.104.com.tw/job/765lj?ro=0&kwop=7&keyword=Python&order=15&asc=0&page=1&mode=s&jobsource=jolist_a_relevance,新北市三重區,新北市三重區,3年以上,專科
12,日新軟體股份有限公司,電腦軟體服務業,Python 資深工程師,1,"We are looking for a Python Developer who is capable of developing interactive web pages, API servers, web-tracking modules",3/23,https://www.104.com.tw/job/6yfn5?ro=0&kwop=7&keyword=Python&order=15&asc=0&page=1&mode=s&jobsource=jolist_a_relevance,台北市內湖區瑞光路333號16樓,台北市內湖區,3年以上,大學
13,臺灣發展軟體科技股份有限公司,其它軟體及網路相關業,Software Engineer(Python),1," to have:
    1. 熟悉 Python 語言
    2. 熟悉演算法
    3. 良好軟體設計、開發與重構能力
    4. 具團隊合作精神
    5. 熟悉 git
    6. 1年以上產業工作經驗

Good to",3/24,https://www.104.com.tw/job/76e5f?ro=0&kwop=7&keyword=Python&order=15&asc=0&page=1&mode=s&jobsource=jolist_a_relevance,台北市內湖區瑞光路,台北市內湖區,1年以上,大學
14,瞬聯科技股份有限公司,其它軟體及網路相關業,CI-Python Engineer,1,"We are seeking an experienced software engineer to work with our development team & US clients. You will be directly working with cross-country elite engineers in the world. Also, you will be joining the Test System (MobLab) team that is responsible for the development, design, diagnose and troubleshooting, and bug fixing software modules to improve product performance and stability.",3/24,https://www.104.com.tw/job/744ew?ro=0&kwop=7&keyword=Python&order=15&asc=0&page=1&mode=s&jobsource=jolist_a_relevance,台北市大安區和平東路二段339號6樓,台北市大安區,2年以上,大學
15,米約科技有限公司,網際網路相關業,Python工程師,1,"1.熟悉數據結構和演算法
2.熟悉 Python 編程語言， 有大型項目架構經驗優先
3.熟悉至少一種關係型數據庫 MySQL， PostgreSQL
4.熟悉至少一樣web框架， tornado/sanic/flask/Django, 並能掌握",3/17,https://www.104.com.tw/job/6zey2?ro=0&kwop=7&keyword=Python&order=15&asc=0&page=1&mode=s&jobsource=jolist_a_relevance,台北市中山區天祥路59號,台北市中山區,經歷不拘,學歷不拘
16,新據點廣告事業股份有限公司,廣告行銷公關業,Data Engineer | Python,1,"且樂於分享討論
．數位遊牧民族，在世界各地一起遠端工作

【我們需要這樣的你】
．擁有數據科學、數據分析、商業智能或相關領域的知識
．具有使用各種估計/預測/最佳化方法從大量數據中找出某種脈絡的能力
．具有程式撰寫能力，例如 Python
．注重細",3/20,https://www.104.com.tw/job/787eu?ro=0&kwop=7&keyword=Python&order=15&asc=0&page=1&mode=s&jobsource=jolist_a_relevance,台北市信義區信義路4段415號14樓,台北市信義區,經歷不拘,專科
17,創奕能源科技股份有限公司,電池製造業,Python 後端工程師,1,"1. 負責平台後端開發、維護及優化 
2. 負責平台與第三方服務之串接 
3. 熟悉RESTful API使用 
4. 具備Python使用經驗 
5. 具備MySQL使用經驗 
6. 具備Git/Gitflow操作，包含branch、",3/24,https://www.104.com.tw/job/718o5?ro=0&kwop=7&keyword=Python&order=15&asc=0&page=1&mode=s&jobsource=jolist_a_relevance,桃園市中壢區高鐵站前西路一段２６８號２樓之1,桃園市中壢區,經歷不拘,大學
18,橋新科技股份有限公司,電腦軟體服務業,Python 金融資料整理,2,"股票、期貨、可轉債等相關商品的資料整理。

若有意願，可與交易員合作開發、分析數據，從頭到尾開發出直覺、好玩的交易想法
我們不走坊間煉金術士類型的AABB+左左右右拼湊式開發路線，會以金融/統計理論出發，
並以實際數據驗證猜想、開發出可行的交易策略，

從中你將可以學習到如何有系統地構思交易猜想、驗證、以及實行的種種眉角",3/23,https://www.104.com.tw/job/77wkr?ro=0&kwop=7&keyword=Python&order=15&asc=0&page=1&mode=s&jobsource=jolist_a_relevance,台北市文山區三福街,台北市文山區,經歷不拘,大學
19,欣創科技有限公司,電腦軟體服務業,Python工程師(PN001),1,"+ 具備 Python 實務經驗 
+ 工作態度積極、負責，重視團隊溝通合作 
+ 不當獨行俠，行有餘力時會主動支援及協助 

加分 
++ 有使用 Python 開發的開源程式碼專案可供參考 
++ 有撰寫 Unit Test 經驗",3/22,https://www.104.com.tw/job/6kgjo?ro=0&kwop=7&keyword=Python&order=15&asc=0&page=1&mode=s&jobsource=jolist_a_relevance,台北市松山區民權東路三段142號10樓1006室,台北市松山區,經歷不拘,專科
20,學力創意股份有限公司,其它軟體及網路相關業,Python網站工程師,1,"-Python 監控與維運系統開發
-熟悉Python編程語言
-設計編寫API
-系統維運
-技術文件撰寫

【職務條件】
-具有 Git 版本控制相關知識
-熟悉 Linux 基本常見指令
-可獨立或與團隊合作，工作態度積極、負責，能配合公司",3/17,https://www.104.com.tw/job/72zcd?ro=0&kwop=7&keyword=Python&order=15&asc=0&page=2&mode=s&jobsource=jolist_b_relevance,台北市大安區信義路四段55號2樓之1,台北市大安區,1年以上,學歷不拘
21,干城數碼有限公司,電腦軟體服務業,Python 資料分析師,1,"1.使用統計、機器學習、深度學習等演算法進行建模
2.協助定義商業問題以及方法論，定義假說以及指標，調整設計數據模型 
3.資料分析專案管理 
4.負責專案之提案/執行",3/18,https://www.104.com.tw/job/6vg27?ro=0&kwop=7&keyword=Python&order=15&asc=0&page=2&mode=s&jobsource=jolist_b_relevance,台北市中山區,台北市中山區,2年以上,大學
22,技嘉科技股份有限公司,電腦及其週邊設備製造業,Python Engineer_CM,1,"適應軟體在不同的硬體上
6. 相關技術文件撰寫

職務需求
- 曾使用過 git 的經驗
- 熟悉 Python，曾用 python 寫過專案
- 了解 machine learning 的基礎概念
- 可獨立或與團隊合作，工作態度積極、負責

加",3/17,https://www.104.com.tw/job/76ez9?ro=0&kwop=7&keyword=Python&order=15&asc=0&page=2&mode=s&jobsource=jolist_b_relevance,新北市新店區寶強路6號,新北市新店區,經歷不拘,大學
23,安德盛數位有限公司,電腦軟體服務業,Python 後端工程師,1,"【工作內容】
1. 根據產品需求，完成功能模組的設計，開發和測試工作
2. 與產品企劃、工程師、及測試人員密切的合作，完成開發
3. 配合專案時程與項目需求，獨立完成職務內任務",3/24,https://www.104.com.tw/job/782f0?ro=0&kwop=7&keyword=Python&order=15&asc=0&page=2&mode=s&jobsource=jolist_b_relevance,台北市松山區八德路,台北市松山區,5年以上,專科
24,聯成電腦有限公司(聯成電腦/聯成外語),補習班,Python 程式設計語言講師(楠梓),2,"【業界經驗】至少有python開發經驗2年以上。
【授課經驗】若有尤佳，若無則需準備教材試教以確認教學能力。
【其它】
+ 熟 Python程式語言、Scipy、Spark、SQL Server資料庫、資料探勘、統計分析相關經驗。
+ 需",3/24,https://www.104.com.tw/job/76slb?ro=0&kwop=7&keyword=Python&order=15&asc=0&page=2&mode=s&jobsource=jolist_b_relevance,高雄市楠梓區建楠路219號(近楠梓火車站),高雄市楠梓區,3年以上,大學
25,易勝資訊股份有限公司,電腦軟體服務業,Python後端工程師(IoT物聯網),1,"協助研發IoT服務平台及系統整合。
使用技術條件：
熟悉 Python 程式語言
熟悉 Django、Flask或其他Python網頁開發框架
熟悉 Linux、Mac 或 BSD 作業系統


以下為加分條件：
喜歡學習/研究新技術者佳
了解",3/18,https://www.104.com.tw/job/76vbt?ro=0&kwop=7&keyword=Python&order=15&asc=0&page=2&mode=s&jobsource=jolist_b_relevance,台北市信義區,台北市信義區,1年以上,大學
26,財團法人中國生產力中心,工商顧問服務業,Python工程師(文字探勘、數據分析),1,"1. 專案網站/系統開發及維護 
2. 熟悉Python，同時熟悉C#尤佳 
3. 資料庫操作與管理 
4. 訪談使用者需求、溝通與協調 

對文字探勘、大數據分析、人工智慧、IoT技術有興趣者
",3/19,https://www.104.com.tw/job/6dhx1?ro=0&kwop=7&keyword=Python&order=15&asc=0&page=2&mode=s&jobsource=jolist_b_relevance,新北市汐止區新台五路一段79號2樓(221)汐科站旁,新北市汐止區,3年以上,大學
27,工智聯科技股份有限公司,電子通訊／電腦週邊零售業,Python軟體工程師,1,"1. Python 後端開發。
2. 熟悉資料庫C語言/MySQL者佳。
3. 熟悉 Linux開發環境者優先。
4. 有OpenCV經驗者佳。
5. 有Web/APP API經驗者佳。",3/18,https://www.104.com.tw/job/6ulns?ro=0&kwop=7&keyword=Python&order=15&asc=0&page=2&mode=s&jobsource=jolist_b_relevance,新北市土城區忠承路113號12樓,新北市土城區,2年以上,大學
28,米約科技有限公司,網際網路相關業,資深Python工程師,1,"工作內容
1. 系統開發與維護
2. 監控資料庫效能，適時針對 SQL語法效能優化
3. 產品需求評估，參與專案執行
4. 第三方API整合、API開發
5. 規劃執行數據備援、修補計畫
6. 開發文件落實",3/17,https://www.104.com.tw/job/7469r?ro=0&kwop=7&keyword=Python&order=15&asc=0&page=2&mode=s&jobsource=jolist_b_relevance,台北市中山區天祥路59號,台北市中山區,經歷不拘,學歷不拘
29,費米股份有限公司,電腦系統整合服務業,Python資深軟體工程師 -Python Senior Software Engineer,1,"FLH費米是立足台灣，跨足日本、東南亞的物聯網智慧家庭品牌，服務過日本百大企業KDDI、Softbank，以及中華電信、各大建設公司，將物聯網應用在商辦、住家、建築等領域，是業界最完整的智慧家庭系統服務商。

工作內容：
1. 開發智慧家庭整合系統(Linux Based)
2. 開發雲端服務系統(Google Cloud Platform)
3. 負責軟體之維護管理及問題協調追蹤與排除
4. 收集、評估與回覆用戶反饋",3/19,https://www.104.com.tw/job/6xhfe?ro=0&kwop=7&keyword=Python&order=15&asc=0&page=2&mode=s&jobsource=jolist_b_relevance,台北市中山區民生東路三段25號1樓,台北市中山區,5年以上,大學
30,伊諾科技有限公司,電腦系統整合服務業,(Big Data Team) Python 工程師,1,"我們期待您在加入伊諾後，不會只想安逸的當一個只召喚爬蟲的 Python 攻城獅，而是渴望挑戰以前沒做過的各種任務。在工作中學習，經由學習來完成任務，藉由完成任務的經驗來造就大神。

當公司業務需要資料來支持時，開發團隊會希望 Python 工",3/18,https://www.104.com.tw/job/6ucvg?ro=0&kwop=7&keyword=Python&order=15&asc=0&page=2&mode=s&jobsource=jolist_b_relevance,台北市內湖區陽光街300號9 樓,台北市內湖區,3年以上,大學
31,艾斯移動股份有限公司,電腦軟體服務業,【實習/工讀】軟體工程師(Java/Python),2,"【工作內容】
作為AI部門的實習生，您將在資深同仁的帶領下，實際參與並負責智能客服及AI相關應用服務的設計、開發、測試、部署與維護等工作。

【需求條件】
1.   擁有1年以上 Java或 Python研發經驗 
2.   每週至少出席三天",3/19,https://www.104.com.tw/job/6rj5s?ro=0&kwop=7&keyword=Python&order=15&asc=0&page=2&mode=s&jobsource=jolist_b_relevance,台北市大安區敦化南路2段76號5樓,台北市大安區,經歷不拘,專科
32,國票期貨股份有限公司,證券及期貨業,金融研究員(精通Python),1,"1.	對期貨、選擇權與股票交易策略研究開發和操作，具有基本概念與熱情。
2.	精通Python能力。
3.	主管交辧事項",3/22,https://www.104.com.tw/job/7396d?ro=0&kwop=7&keyword=Python&order=15&asc=0&page=2&mode=s&jobsource=jolist_b_relevance,台北市松山區南京東路5段188號8樓,台北市松山區,經歷不拘,大學
33,聯成電腦有限公司(聯成電腦/聯成外語),補習班,Python 程式設計語言講師(台南地區),2,"【業界經驗】至少有python開發經驗2年以上。
【授課經驗】若有尤佳，若無則需準備教材試教以確認教學能力。
【其它】
+ 熟 Python程式語言、Scipy、Spark、SQL Server資料庫、資料探勘、統計分析相關經驗。
+ 需",3/24,https://www.104.com.tw/job/5uu1l?ro=0&kwop=7&keyword=Python&order=15&asc=0&page=2&mode=s&jobsource=jolist_b_relevance,台南市中西區,台南市中西區,2年以上,大學
34,雲端互動股份有限公司,網際網路相關業,Full Stack Developer_Python_台中,1,"Job Responsibility:
1. Ability to develop both Front-End and Back-End with Python Django framework.
2. Ability to work",3/22,https://www.104.com.tw/job/74vpk?ro=0&kwop=7&keyword=Python&order=15&asc=0&page=2&mode=s&jobsource=jolist_b_relevance,台中市西屯區,台中市西屯區,2年以上,專科
35,綠界科技股份有限公司,電腦系統整合服務業,Python 程式設計師,1,"1.Python 1 年以上的網站開發經驗、熟 Pyramid Framework 佳
2.熟 vue.js 
3.懂 MySQL、PostgreSQL 
4.懂 HTML、JavaScript、CSS 等相關應用
5.熟 GIT 版控",3/19,https://www.104.com.tw/job/6p5b1?ro=0&kwop=7&keyword=Python&order=15&asc=0&page=2&mode=s&jobsource=jolist_b_relevance,台北市南港區三重路19-2號6樓之2,台北市南港區,1年以上,專科
36,美商網碩科技股份有限公司台灣分公司,網際網路相關業,PYTHON DEVELOPER 後端工程師,1,"WHAT WE WANT 
FriendFinder Networks is looking for a Senior Python Developer who will work with cross-functional teams to",3/23,https://www.104.com.tw/job/77in7?ro=0&kwop=7&keyword=Python&order=15&asc=0&page=2&mode=s&jobsource=jolist_b_relevance,台北市松山區敦化北路214號5樓,台北市松山區,4年以上,專科
37,數聯資安股份有限公司,電腦系統整合服務業,資安軟體研發工程師(Python),1,"我們是遠傳電信的子公司，主要業務為提供客戶資訊安全產品及服務
本項職務主要是配合公司資安服務自動化與系統產品的整合，工作項目包含：
1. 資安系統及開源工具整合(Python或其他語言)。
2. 外部商業系統研究與API整合作業。
3. 相關開源",3/19,https://www.104.com.tw/job/6qcwt?ro=0&kwop=7&keyword=Python&order=15&asc=0&page=2&mode=s&jobsource=jolist_b_relevance,台北市內湖區瑞光路218號2樓,台北市內湖區,1年以上,專科
38,伊諾科技有限公司,電腦系統整合服務業,(Big Data Team) Senior Python Data Backend Engineer,1,"1.Design, develop, and maintain Big Data related projects including EDW system and ETL pipeline for data access, collection, processing and storage.
2.Manage deployment of the Big Data Infrastructure and services on AWS.
3.Dedicate to Big Data and Machine Learning Platform using Apache Spark and related technologies.
4.Investigate, survey and evaluate various state-of-the-art technologies.
5.Introduce new technologies and tackle the derived problems.
6.Implement and popularize excellent software development processes and best practices.",3/18,https://www.104.com.tw/job/6qwx5?ro=0&kwop=7&keyword=Python&order=15&asc=0&page=2&mode=s&jobsource=jolist_b_relevance,台北市內湖區陽光街300號9 樓,台北市內湖區,4年以上,專科
39,中信金控_台灣人壽保險股份有限公司,人身保險業,資訊_資深Python工程師（Senior Python Programmer）,1,"工作內容：
1. 設計、開發、維護 可重用,有效率的程式碼
2. 專案問題修正與開發新功能
3. 規劃執行軟體架構及模組之設計

工作技能與條件：
1. 三年(含以上)Python開發經驗。
2. 具備 Flask Framework使用經驗。",3/23,https://www.104.com.tw/job/77drj?ro=0&kwop=7&keyword=Python&order=15&asc=0&page=2&mode=s&jobsource=jolist_b_relevance,台北市南港區經貿二路188號(中國信託金融園區),台北市南港區,3年以上,大學
40,雄獅資訊科技股份有限公司,電腦軟體服務業,python工程師,1,"工作內容：
1. 負責公司之 Data Science API維護和新功能開發
2. 系統測試代碼實現，自動化測試
3. 參與.討論.協助專案架構設計

職務需求：
1.熟悉 Python3, Pandas
2.熟悉 Flask 框架
3.熟悉 Git 開發管理專案
4.熟悉 MsSql 及 MongoDB 資料庫",3/18,https://www.104.com.tw/job/71rxc?ro=0&kwop=7&keyword=Python&order=15&asc=0&page=3&mode=s&jobsource=jolist_c_relevance,台北市內湖區石潭路151號,台北市內湖區,1年以上,專科
41,禾益豐有限公司,塑膠製品製造業,網頁Python爬蟲工程師,1,"使用Python 建立爬蟲程式分析數據、設計以及程式撰寫
2.維護與監測平行處理爬蟲狀態
3.熟悉網路爬蟲技術或有爬蟲經驗
4.具備自我學習及研究的能力。
5.執行客製專案並能獨立作業上線",3/18,https://www.104.com.tw/job/75wxl?ro=0&kwop=7&keyword=Python&order=15&asc=0&page=3&mode=s&jobsource=jolist_c_relevance,彰化縣埔心鄉舊館村興霖路186號,彰化縣埔心鄉,2年以上,大學
42,倫發科技有限公司,電腦系統整合服務業,開發運維工程師(Python) DevOps Engineer,1,"1.閱讀英文API文件
2.在Linux環境下用Python開發網頁應用
3.負責REST API 的開發和迭代，持續優化產品的效能和質量
4.參與.討論.協助系統架構設計
5.協助建置CI/CD流程，提升交付速度與穩定性
",3/23,https://www.104.com.tw/job/70v91?ro=0&kwop=7&keyword=Python&order=15&asc=0&page=3&mode=s&jobsource=jolist_c_relevance,台北市內湖區,台北市內湖區,2年以上,大學
43,新加坡商蝦皮娛樂電商有限公司台灣分公司,多媒體相關業,Python Backend Developer 後端工程師,1,"1. Design and implement web back-end services using Python
2. Write high-quality, clean, maintainable code using",3/22,https://www.104.com.tw/job/72lx7?ro=0&kwop=7&keyword=Python&order=15&asc=0&page=3&mode=s&jobsource=jolist_c_relevance,台北市信義區菸廠路88號,台北市信義區,2年以上,大學
44,好好投資科技股份有限公司,網際網路相關業,Backend Engineer(需熟Python、RESTful API ),1,"【好好要求】
1.具獨立以 Python開發 Web 後端的經驗，並熟悉相關Framework (EX：Flask or Django等)。
2.具備網站爬蟲實戰經驗(EX：懂如何不擾對象站，並能排除爬取阻礙)。
3.擁有資料庫 Schema 獨",3/22,https://www.104.com.tw/job/5572i?ro=0&kwop=7&keyword=Python&order=15&asc=0&page=3&mode=s&jobsource=jolist_c_relevance,台北市中正區南海路1號13樓(金融科技創新園區),台北市中正區,1年以上,專科
45,中塑油品股份有限公司,化學原料製造業,Python programmer/data scientist for quantitative trading,1,"Python programmer/data scientist for quantitative trading
Seeking junior multi-asset strategist/developer/data scientist",3/17,https://www.104.com.tw/job/70dmc?ro=0&kwop=7&keyword=Python&order=15&asc=0&page=3&mode=s&jobsource=jolist_c_relevance,台北市內湖區港墘路200號5樓,台北市內湖區,經歷不拘,碩士
46,環球誠信有限公司,電腦軟體服務業,資深Python 後端工程師,1,"1. 負責平台後端開發、維護及優化。
2. 負責平台與第三方服務之串接。
3. 熟悉RESTful API使用。
4. 具備Python使用經驗。
5. 具備MySQL使用經驗。
6. 具備Git/Gitflow操作，包含branch、",3/19,https://www.104.com.tw/job/77uyp?ro=0&kwop=7&keyword=Python&order=15&asc=0&page=3&mode=s&jobsource=jolist_c_relevance,高雄市鼓山區明華路315號16樓之1,高雄市鼓山區,5年以上,大學
47,聯成電腦有限公司(聯成電腦/聯成外語),補習班,Python程式線上直播課程講師,2,"目前我們正在招募線上直播程式講師，希望對直播程式教學有熱情，喜歡在直播教室線上和學員互動，舉辦實體Workshop技術交流會。
職務說明： 
主要教授Python程式語言，運用在量化投資、量化分析領域。
配合度高可長期授課，授課專業能力佳，",3/24,https://www.104.com.tw/job/6nu69?ro=0&kwop=7&keyword=Python&order=15&asc=0&page=3&mode=s&jobsource=jolist_c_relevance,台北市大安區忠孝東路四段178號4樓,台北市大安區,2年以上,專科
48,香港商奇藝香港有限公司台北辦事處,網際網路相關業,Python自動化工程師,1,"愛奇藝是一個正向海外發展的國際化公司，目前多國都可使用愛奇藝國際模式觀看視頻。期待你的加入，讓我們為國際化的產品品質把關。

目前測試部門分為三種不同的職位：軟體測試工程師、軟體測試管理工程師、Python自動化工程師

Python自動",3/18,https://www.104.com.tw/job/6ju86?ro=0&kwop=7&keyword=Python&order=15&asc=0&page=3&mode=s&jobsource=jolist_c_relevance,台北市內湖區瑞光路550號7樓,台北市內湖區,1年以上,大學
49,文境資科股份有限公司,專門設計相關業,Python Developer,1,"1. 協助完善自然語言處理框架
2. 協助建置自然語言處理各功能的的自動化測試(未來預計導入CI／CD流程)
3. 協助將組內的研究團隊成果加入公司的自然語言處理框架
4. 協助與合作夥伴的產品整合規劃",3/18,https://www.104.com.tw/job/6x67u?ro=0&kwop=7&keyword=Python&order=15&asc=0&page=3&mode=s&jobsource=jolist_c_relevance,台北市大安區,台北市大安區,1年以上,大學
50,百師商務有限公司,網際網路相關業,Raspberry Pi + Python 聲紋/影像辨識實習工程師,1,"工作內容

專案方向為研究 Raspberry Pi 搭配 Home Assistant 
做智能家居系統

1:影像辨識
主要用於判讀 sensor 傳回的影像作人物辨識

2:聲紋比對
比對輸入的語音後執行特定腳本

",3/23,https://www.104.com.tw/job/72my0?ro=0&kwop=7&keyword=Python&order=15&asc=0&page=3&mode=s&jobsource=jolist_c_relevance,台北市大同區西寧北路78號8樓,台北市大同區,經歷不拘,專科
51,百師商務有限公司,網際網路相關業,Raspberry Pi + Python 聲紋/影像辨識實習工程師,2,"工作內容

專案方向為研究 Raspberry Pi 搭配 Home Assistant 
做智能家居系統

1:影像辨識
主要用於判讀 sensor 傳回的影像作人物辨識

2:聲紋比對
比對輸入的語音後執行特定腳本


",3/23,https://www.104.com.tw/job/72my1?ro=0&kwop=7&keyword=Python&order=15&asc=0&page=3&mode=s&jobsource=jolist_c_relevance,台北市大同區西寧北路78號8樓,台北市大同區,經歷不拘,專科
52,Mphasis Taiwan_澳大利亞商安復仕有限公司台灣分公司,電腦軟體服務業,Automation Test Engineer (Python) 自動化測試工程師,1," Python , familiar with OOPs concept
•Experience in working directly with customers or development teams in troubleshooting",3/15,https://www.104.com.tw/job/6u7kv?ro=0&kwop=7&keyword=Python&order=15&asc=0&page=3&mode=s&jobsource=jolist_c_relevance,台北市南港區,台北市南港區,3年以上,大學
53,上穎國際有限公司,電腦軟體服務業,資深自動化Python工程師,1,"-Python 監控與維運系統開發
-熟悉Python編程語言

1. 負責軟體之分析、設計以及程式撰寫。
2. 自動化控制手機填寫表單, 查單
3. 技術文件撰寫
4.負責設計和開發網路爬蟲系統，進行多平台訊息的抓取和資料清理
5.利用爬蟲技術",3/19,https://www.104.com.tw/job/77uwo?ro=0&kwop=7&keyword=Python&order=15&asc=0&page=3&mode=s&jobsource=jolist_c_relevance,台中市西屯區河南路二段262號8樓之8,台中市西屯區,1年以上,學歷不拘
54,誠雲科技股份有限公司,電腦軟體服務業,Python後端工程師(台中總部),1,"- 熟悉 Python
- 熟悉 Web 程式開發
- 具Linux主機維護經驗佳
- 有api server開發經驗佳
其它條件 
1. 網路應用程式開發有極大熱忱
2. 思路清晰，有良好溝通協調能力
3. 積極、認真與負責，喜好",3/22,https://www.104.com.tw/job/4cifp?ro=0&kwop=7&keyword=Python&order=15&asc=0&page=3&mode=s&jobsource=jolist_c_relevance,台中市西屯區台灣大道四段925號16F-3,台中市西屯區,經歷不拘,專科
55,台灣現觀股份有限公司,電腦軟體服務業,Python 資料處理/數據工程師,1,"===== 職務內容 =====
- 數據介接、清洗及處理
- 數據整合、開發及維運
- 須熟悉平行處理技巧與方法
- 須熟悉 Python

===== 加分項目 =====
- 可獨立或與團隊合作，工作態度積極、負責，能配合公司",3/22,https://www.104.com.tw/job/6qpx1?ro=0&kwop=7&keyword=Python&order=15&asc=0&page=3&mode=s&jobsource=jolist_c_relevance,台北市中山區中山北路二段42號2樓,台北市中山區,經歷不拘,大學
56,聯成電腦有限公司(聯成電腦/聯成外語),補習班,Python 程式設計語言(課程講師) - 中壢分校,2,"【業界經驗】至少有python開發經驗2年以上。
【授課經驗】若有尤佳，若無則需準備教材試教以確認教學能力。
【其它】
+ 熟 Python程式語言、Scipy、Spark、SQL Server資料庫、資料探勘、統計分析相關經驗。
+ 需",3/24,https://www.104.com.tw/job/5xlbc?ro=0&kwop=7&keyword=Python&order=15&asc=0&page=3&mode=s&jobsource=jolist_c_relevance,桃園市中壢區,桃園市中壢區,3年以上,大學
57,英屬開曼群島商萬里雲互聯股份有限公司台灣分公司,電腦軟體服務業,專案全端工程師（偏前端）React &amp; Python,1,"相關經驗

加分項目：
- 具備Python後端程式開發經驗
- 具備Jest的實務經驗
- 具備串接 RESTful API的實務經驗
- 具備CI / CD的相關知識
- 具備node.js, websocket, OAuth和 jwt的相關知",3/19,https://www.104.com.tw/job/6u37f?ro=0&kwop=7&keyword=Python&order=15&asc=0&page=3&mode=s&jobsource=jolist_c_relevance,台北市信義區基隆路一段333號33樓,台北市信義區,2年以上,大學
58,PChome Online_網路家庭國際資訊(股)公司,網際網路相關業,Java / Python 軟體工程師 (大數據),1," 或 Python 程式語言
3.熟悉分散式架構相關知識。例如 Spark、Hadoop
4.熟悉關聯式資料庫的運用。例如 MySQL
5.熟悉 Linux 系統指令",3/24,https://www.104.com.tw/job/75kom?ro=0&kwop=7&keyword=Python&order=15&asc=0&page=3&mode=s&jobsource=jolist_c_relevance,台北市大安區敦化南路二段105號,台北市大安區,2年以上,大學
59,禾新數位有限公司,網際網路相關業,[ S-01 ] Developer 開發工程師 (Python),1,"[工作內容]
1. 負責python項目基礎框架設計及構建
2. 邏輯及演算法開發，執行需求分析和功能設計
3. 具備獨立開發能力、邏輯分析能力、解決問題能力

[條件要求]
1. 二年以上系統/後端開發經驗 
2. 熟悉",3/23,https://www.104.com.tw/job/6rrkz?ro=0&kwop=7&keyword=Python&order=15&asc=0&page=3&mode=s&jobsource=jolist_c_relevance,台北市內湖區基湖路35巷11號7樓,台北市內湖區,2年以上,大學
60,聯成電腦有限公司(聯成電腦/聯成外語),補習班,Python 程式設計語言(課程講師) - 基隆、大台北地區,2,"【業界經驗】至少有python開發經驗2年以上。
【授課經驗】若有尤佳，若無則需準備教材試教以確認教學能力。
【其它】
+ 熟 Python程式語言、Scipy、Spark、SQL Server資料庫、資料探勘、統計分析相關經驗。
+ 需",3/24,https://www.104.com.tw/job/5pxb7?ro=0&kwop=7&keyword=Python&order=15&asc=0&page=4&mode=s&jobsource=jolist_c_relevance,台北市中正區,台北市中正區,3年以上,大學
61,欣興電子股份有限公司,印刷電路板製造業(PCB),【工業4.0／智慧製造】大數據分析工程師（Python）,1,"1. 大數據資料分析及應用
2. 運用統計分析方法及機器學習提出適合演算模型
3. 自動控制與資料視覺化呈現
4. 生產製造時間序列分析系統建立

【加分項目】
具JAVA、SQL 程式能力者優

#Python
#機器學習 Machine",3/23,https://www.104.com.tw/job/6mjk0?ro=0&kwop=7&keyword=Python&order=15&asc=0&page=4&mode=s&jobsource=jolist_c_relevance,桃園市龜山區山鶯路177號,桃園市龜山區,1年以上,大學
62,台灣競遊智慧網路有限公司,電腦軟體服務業,Python 工程師 - 初階,1,"主要工作內容

- 撰寫技術文件。
- 撰寫測試程式。
- 負責資料清洗。
- 建立資料標籤。
- 每日更新資料。

其他職務相關要求

- 需配合團隊需求開發程式。
- 程式撰寫習慣良好， 具自主測試及除錯能力。
- 懂得使用 git 做版本控管。
- 了解物件導向概念
",3/18,https://www.104.com.tw/job/7395f?ro=0&kwop=7&keyword=Python&order=15&asc=0&page=4&mode=s&jobsource=jolist_c_relevance,台北市中山區玉門街1號,台北市中山區,經歷不拘,大學
63,環球誠信有限公司,電腦軟體服務業,Python 後端工程師,1,"1. 負責平台後端開發、維護及優化。
2. 負責平台與第三方服務之串接。
3. 熟悉RESTful API使用。
4. 具備MySQL使用經驗。 
5. 具備Git/Gitflow操作，包含branch、conflict解決衝突等操作。",3/18,https://www.104.com.tw/job/75gdf?ro=0&kwop=7&keyword=Python&order=15&asc=0&page=4&mode=s&jobsource=jolist_c_relevance,高雄市鼓山區明華路315號16樓之1,高雄市鼓山區,1年以上,大學
64,聯成電腦有限公司(聯成電腦/聯成外語),補習班,資深Python 程式設計語言講師(台南地區),2,"【業界經驗】至少有python開發經驗2年以上。
【授課經驗】若有尤佳，若無則需準備教材試教以確認教學能力。
【其它】
+ 熟 Python程式語言、Scipy、Spark、SQL Server資料庫、資料探勘、統計分析相關經驗。
+ 需",3/24,https://www.104.com.tw/job/6w0gs?ro=0&kwop=7&keyword=Python&order=15&asc=0&page=4&mode=s&jobsource=jolist_c_relevance,台南市中西區,台南市中西區,2年以上,大學
65,印度商威普羅股份有限公司台灣分公司,電腦系統整合服務業,Python Engineer (工作地點：新店/板橋),1," such as: Python, JavaScript, or Go.  HTML,  C/C++, C#, Java, Objective C,
4. Experience in the field of software engineering,",3/24,https://www.104.com.tw/job/6zocc?ro=0&kwop=7&keyword=Python&order=15&asc=0&page=4&mode=s&jobsource=jolist_c_relevance,新北市新店區,新北市新店區,2年以上,大學
66,歐立威科技股份有限公司,電腦軟體服務業,Python 工程師 (Linux),1,"［工作內容］
1.負責軟體之分析、設計以及程式撰寫。 
2.規劃執⾏軟體架構及模組之設計，並控管軟體設計進度。 
3.進⾏軟體之測試與修改。

［職務要求］
1.熟悉Linux環境
2.對網頁server, framwork有概念
3.使用過PostgreSQL
4.了解MVC 網站網頁的概念(Model view control)
5.熟悉OOP(Object oriented programming，物件導向)
6.英語能⼒佳（需提供考試證明）",3/18,https://www.104.com.tw/job/6q2ao?ro=0&kwop=7&keyword=Python&order=15&asc=0&page=4&mode=s&jobsource=jolist_c_relevance,台北市大同區鄭州路87號10樓,台北市大同區,經歷不拘,大學
67,Mphasis Taiwan_澳大利亞商安復仕有限公司台灣分公司,電腦軟體服務業,Software Engineer in Test (Python) 自動化測試工程師,1," Python , familiar with OOPs concept
•Experience in working directly with customers or development teams in troubleshooting",3/18,https://www.104.com.tw/job/784hl?ro=0&kwop=7&keyword=Python&order=15&asc=0&page=4&mode=s&jobsource=jolist_c_relevance,台北市南港區,台北市南港區,3年以上,大學
68,紅門互動股份有限公司,網際網路相關業,Python Flask網站研發工程師(台中),1,"新獎)」
https://drive.google.com/file/d/1sBQrWne_M4JqbkGr21n6J8SjoG_szCe2/view


2．需使用python 開發前端網站與後端資料ETL(對全端工程師工作有興趣者)",3/16,https://www.104.com.tw/job/6kf9h?ro=0&kwop=7&keyword=Python&order=15&asc=0&page=4&mode=s&jobsource=jolist_c_relevance,台中市西區大業北路10號,台中市西區,經歷不拘,大學
69,台灣智園有限公司,電腦軟體服務業,網站開發全端工程師 (Python),1," Python 為主，JAVA, NodeJS 為輔
   b. Javascript ES6, Angularjs, Vue 以及 CSS 開發前端 UI Presentation Layer
   c. MySQL 資料庫管理
   d. 曾接觸",3/22,https://www.104.com.tw/job/43gvt?ro=0&kwop=7&keyword=Python&order=15&asc=0&page=4&mode=s&jobsource=jolist_c_relevance,新北市永和區保生路1號4樓-3,新北市永和區,經歷不拘,大學
70,光禾感知科技股份有限公司,其它軟體及網路相關業,Python後端工程師,1," Linux 並有Python開發經驗。
2. 熟悉資料庫使用 (SQL, mongodb)。
3. 熟悉資料結構及演算法等。
4. 熟悉 Git。

[ 加分項目 ]
1. 具備伺服器架設/規劃經驗。
2. 具備使用者介面設計與整合經驗。
3. 具備",3/24,https://www.104.com.tw/job/71j4l?ro=0&kwop=7&keyword=Python&order=15&asc=0&page=4&mode=s&jobsource=jolist_c_relevance,台北市大安區忠孝東路4段325號8樓,台北市大安區,經歷不拘,大學
71,康翔科技股份有限公司,其它軟體及網路相關業,Python資料分析師,1,"1.使用統計、機器學習、深度學習等演算法進行建模 
2.協助定義商業問題以及方法論，定義假說以及指標，調整設計數據模型 
3.資料分析專案管理 
4.負責專案之提案/執行

1.精通統計理論及機器學習相關知識 
2.熟悉Python或R之數據分析",3/23,https://www.104.com.tw/job/77agw?ro=0&kwop=7&keyword=Python&order=15&asc=0&page=4&mode=s&jobsource=jolist_c_relevance,新北市汐止區,新北市汐止區,經歷不拘,專科
72,圈圈空間有限公司,不動產經營業,Python程式設計師,1,"相關網路相關設定。
* 制定相關IT制度與流程，架構公司內部人員之相關管理機制。
工作條件：
* 具備SQL資料庫程式設計經建
* 具備物件導向程式開發：C++/C/ Python經驗
* 具備 Web Service/API等相關界接具",3/19,https://www.104.com.tw/job/6pdp6?ro=0&kwop=7&keyword=Python&order=15&asc=0&page=4&mode=s&jobsource=jolist_c_relevance,台北市大安區信義路二段72號B1,台北市大安區,經歷不拘,專科
73,富泰金融科技股份有限公司,工商顧問服務業,Python 演算法工程師,1,"1.碩士以上。 
2. 無經驗可，可培訓。 ",3/12,https://www.104.com.tw/job/6ytc3?ro=0&kwop=7&keyword=Python&order=15&asc=0&page=4&mode=s&jobsource=jolist_c_relevance,台北市南港區三重路19-11號E棟5樓545室,台北市南港區,經歷不拘,碩士
74,誠雲科技股份有限公司,電腦軟體服務業,Python資深工程師(台中總部),1,"- 熟悉 Python
- 熟悉 Web 程式開發
- 具Linux主機維護經驗佳
- 有api server開發經驗佳
其它條件 
1. 網路應用程式開發有極大熱忱
2. 思路清晰，有良好溝通協調能力
3. 積極、認真與負責，喜好",3/22,https://www.104.com.tw/job/6u54o?ro=0&kwop=7&keyword=Python&order=15&asc=0&page=4&mode=s&jobsource=jolist_c_relevance,台中市西屯區台灣大道四段925號16F-3,台中市西屯區,3年以上,專科
75,艾得基客行銷顧問股份有限公司,工商顧問服務業,Java/Python/Go 大數據平台工程師,1,"Java/Python/Go 大數據平台工程師

adGeek艾得基客是一家專注於網路廣告優化及行銷整合的互聯網公司。目前我們團隊處於高速開發產品的時間，產品的功能相當多，可以玩與嚐試的東西很多，特別是架構面的東西，如消息隊列、大數據架構、設",3/24,https://www.104.com.tw/job/6j2dn?ro=0&kwop=7&keyword=Python&order=15&asc=0&page=4&mode=s&jobsource=jolist_c_relevance,台北市大安區敦化南路二段76號16樓,台北市大安區,1年以上,大學
76,聯成電腦有限公司(聯成電腦/聯成外語),補習班,Python 程式設計語言講師(嘉義分校),2,"【業界經驗】至少有python開發經驗2年以上。
【授課經驗】若有尤佳，若無則需準備教材試教以確認教學能力。
【其它】
+ 熟 Python程式語言、Scipy、Spark、SQL Server資料庫、資料探勘、統計分析相關經驗。
+ 需",3/24,https://www.104.com.tw/job/6w0gd?ro=0&kwop=7&keyword=Python&order=15&asc=0&page=4&mode=s&jobsource=jolist_c_relevance,嘉義市,嘉義市,2年以上,專科
77,聯成電腦有限公司(聯成電腦/聯成外語),補習班,Python程式講師-新竹分校,2,主要教授Python程式語言，運用在資料分機或網頁爬蟲，帶同學進入相關領域，本中心備有完整授課大綱及相關教材，歡迎想往補教領域發展的你加入,3/24,https://www.104.com.tw/job/5y4rk?ro=0&kwop=7&keyword=Python&order=15&asc=0&page=4&mode=s&jobsource=jolist_c_relevance,新竹市中華路二段318號,新竹市,2年以上,專科
78,日月光半導體製造股份有限公司中壢分公司,半導體製造業,【PM】系統整合工程師 (Python),1,"1、Traceability系統建立與維護
2、專案執行(CIM專案、成本改善專案、製程改善專案)
3、報表自動化
4、統計分析
5、設施規劃",3/18,https://www.104.com.tw/job/4lz48?ro=0&kwop=7&keyword=Python&order=15&asc=0&page=4&mode=s&jobsource=jolist_c_relevance,桃園市中壢區,桃園市中壢區,1年以上,大學
79,台灣米高蒲志國際股份有限公司,人力仲介代徵,Engineering Lead (Python),1,"•	As a founding lead in Taiwan to building a team
•	A growing international company with strong business performance



About Our Client

My client is an international software company that provide innovative methods in cloud system and partner with several famous firms.
They are now expanding their business worldwide and are looking for Engineering Lead to build software team in Taiwan. If you have experience in leading and managing software team, and willing to help company expand the global software center, my client should be on top of your priority.



Job Description

•	Build and lead a team of engineers in Taipei office.
•	Ensure timely technical solutions.
•	Design agile software development practices.
•	Manage expectations with management and stakeholders.



What's on Offer

•	Build and lead a team over all technical decisions in Taipei.
•	Work directly with headquarter and customers.
•	Exposure to a wide range of emerging technologies and tools.
•	Attractive benefits.

",3/22,https://www.104.com.tw/job/7889z?ro=0&kwop=7&keyword=Python&order=15&asc=0&page=4&mode=s&jobsource=jolist_c_relevance,台北市信義區,台北市信義區,經歷不拘,大學
80,駿隆科技平台股份有限公司,電腦軟體服務業,Backend Developer(Python) – Startup in Taipei (Annual salary NT$ 1M~1.2M),1,"Interested in joining the FinTech revolution? We are building a disruptive platform in the area of Health and Wealth Management. You are invited to join us in this exciting journey. 

Based in Hong Kong, Gain Miles Technology Limited is a new startup in Taiwan is looking for high caliber individuals who are interest in software development, JavaScript and web and mobile technology. Please note seniority and compensation level will be determined on your actual experience. 

想要加入FinTech嶄新革命嗎？我們正在建立健康與財富管理領域的顛覆性平台。邀請您加入這個充滿樂趣的旅程。 

Gain Miles Technology Limited總部位於香港，是一家剛在台灣成立的新創公司，正在尋找對軟件開發，JavaScript，網路和移動技術感興趣的頂尖軟體開發人才。 
Job Scope: 
• Design and develop backend services for our platform 
• Design and implementing scalable RESTful APIs 
• Interfacing with external SaaS providers 
• Act as a core member of scalable architecture team",3/22,https://www.104.com.tw/job/6u3dv?ro=0&kwop=7&keyword=Python&order=15&asc=0&page=5&mode=s&jobsource=jolist_c_relevance,台北市內湖區,台北市內湖區,3年以上,大學
81,資策會_財團法人資訊工業策進會,電腦軟體服務業,【創生處】 Python 數據分析師,1,"1.Python 語法及分析步驟經驗
2.資料庫 CRUD 等應用能力經驗
3.前處理、ETL及特徵轉換經驗佳
4.科技趨勢研究、專利提案及撰寫專案計畫規格
5.研發論文、閱讀及分享能力
6.協助工廠內部大數據應用、分析及監測相關應用

",3/17,https://www.104.com.tw/job/76ger?ro=0&kwop=7&keyword=Python&order=15&asc=0&page=5&mode=s&jobsource=jolist_c_relevance,南投縣南投市文獻路2號,南投縣南投市,經歷不拘,碩士
82,智趣王數位科技股份有限公司,數位內容產業,WEB網頁程式設計師(JAVA/Python),1,"，JSP(JSTL標籤、EL標籤)) 或 Python(Flask, SqlAlchemy)
2. 熟悉 MySQL，除了ORM外，也可以根據需求或系統效能撰寫SQL指令碼。如果其他人很忙，也要能任務需求自行規劃、設計資料結構。
3. 熟悉",3/17,https://www.104.com.tw/job/3y3uv?ro=0&kwop=7&keyword=Python&order=15&asc=0&page=5&mode=s&jobsource=jolist_c_relevance,台北市大安區信義路四段88號8樓,台北市大安區,經歷不拘,高中以下
83,美商美創資通股份有限公司台灣分公司,其它軟體及網路相關業,資深後端系統工程師 (python),1,"徵求有實力的 web service 後端開發者

5 年以上工作經歷，並熟悉以下項目：

1. Linux 指令與應用
2. Webservice 開發經驗, python-base 尤佳, e.g. Web2py, Django,",3/22,https://www.104.com.tw/job/4mfzt?ro=0&kwop=7&keyword=Python&order=15&asc=0&page=5&mode=s&jobsource=jolist_c_relevance,台北市中山區松江路,台北市中山區,5年以上,大學
84,紅門互動股份有限公司,網際網路相關業,Python Flask網站開發工程師(台北),1,"1. 網站管理/系統開發與維護。
2. 網站資料庫設計與維護。
3. 前端套版應用。
4. 第三方API整合和API開發。
5. 數據整合應用開發

【必要條件】
1. 熟悉 Python(Flask為主)
2. 熟悉",3/16,https://www.104.com.tw/job/6xtfl?ro=0&kwop=7&keyword=Python&order=15&asc=0&page=5&mode=s&jobsource=jolist_c_relevance,台北市松山區南京東路四段126號11樓之1,台北市松山區,經歷不拘,專科
85,蓋特資訊系統股份有限公司,網際網路相關業,Python 後端工程師,1,"Requirements：

1. 數據採集與清洗，內容包含ETL與爬蟲且需要對數據質量管控（準確性、完整性、一致性、有效性）。
2. 系統測試與程式測試，內容包含服務的整個生命週期的測試（需要white box/白箱/白盒測試、數據測試、專項測試輸出、效果評測、web佈署、服務上線後的監控）。
3. 有基本的DB知識，需要能使用RDB與常見的NoSQL DB。
4. 有自動化測試經驗（使用語言不限）。

其中1.和2.至少有其中一項能夠滿足條件。

Nice to have：
* 熟悉分散式工具或架構，如Flume, Scribe, Kafka, Hadoop, Spark。
* 能夠優化DB效能者佳，DB因為種類繁多，可針對幾種說明優化和使用經驗。
* 熟悉標注軟體，因為有可能要協協助自動化標籤。
* 能設計或規劃測試流程和方法，熟悉多樣測試平台或測試工具為佳（例如：QTP, Selenium, Appium, Jmeter, Aion, Applitools, Appvance IQ, Test.ai, Eggplant, Mabl, ReTest, Sauce Labs....）。",3/19,https://www.104.com.tw/job/6vdrl?ro=0&kwop=7&keyword=Python&order=15&asc=0&page=5&mode=s&jobsource=jolist_c_relevance,台北市中正區寧波東街1號6樓,台北市中正區,2年以上,學歷不拘
86,學力創意股份有限公司,其它軟體及網路相關業,Python網站工程師(資深),1,"-Python 監控與維運系統開發
-熟悉Python編程語言
-設計編寫API
-系統維運
-技術文件撰寫

【職務條件】
-具有 Git 版本控制相關知識
-熟悉 Linux 基本常見指令
-可獨立或與團隊合作，工作態度積極、負責，能配合公司",3/17,https://www.104.com.tw/job/76w1e?ro=0&kwop=7&keyword=Python&order=15&asc=0&page=5&mode=s&jobsource=jolist_c_relevance,台北市大安區信義路四段55號2樓之1,台北市大安區,5年以上,學歷不拘
87,綠界科技股份有限公司,電腦系統整合服務業,Python程式設計師(副理),1,收銀台專案相關應用程式開發、維護、管理。,3/19,https://www.104.com.tw/job/6yyb2?ro=0&kwop=7&keyword=Python&order=15&asc=0&page=5&mode=s&jobsource=jolist_c_relevance,台北市南港區三重路19-2號6樓之2,台北市南港區,5年以上,專科
88,雨林新零售股份有限公司,網際網路相關業,Data Engineer 資深數據工程師 / 資深資料工程師 / 主管（Python）,1,"【工作內容】
1. 撰寫網路爬蟲程式、存取串流資料
2. 資料採擷/數據分析工具之研究開發
3. 系統維護及需求開發
",3/18,https://www.104.com.tw/job/77u0t?ro=0&kwop=7&keyword=Python&order=15&asc=0&page=5&mode=s&jobsource=jolist_c_relevance,台北市松山區南京東路四段18號15樓,台北市松山區,3年以上,專科
89,睿點行動股份有限公司,網際網路相關業,金融科技業 - 後端工程師-Python / PHP ( Invos 發票存摺 ),1," build
      ・selenium
      ・Google Cloud Platform
以利系統穩定及面對百萬流量的系統壓力


【職務需求】
- 資訊工程背景 或 一年以上後端開發經驗
- 具備 Python 或 PHP 開發
-",3/18,https://www.104.com.tw/job/77s9c?ro=0&kwop=7&keyword=Python&order=15&asc=0&page=5&mode=s&jobsource=jolist_c_relevance,台北市松山區八德路,台北市松山區,2年以上,專科
90,萬潤科技股份有限公司,自動控制相關業,軟體工程師(Python或C++或Linux三年以上經驗者),1,"1.具Python或C++或Linux三年以上經驗者。
2.具ROS的開發經驗優。",3/24,https://www.104.com.tw/job/72xkz?ro=0&kwop=7&keyword=Python&order=15&asc=0&page=5&mode=s&jobsource=jolist_c_relevance,高雄市路竹區路科10路1號,高雄市路竹區,3年以上,專科
91,帕奇巨科技有限公司,其它軟體及網路相關業,Python爬蟲程式實習生,2,"此職缺之資格需與學校簽約, 為實習職, 屬於學校實習學分的學生才可申請
不適合時間零散想打工，工讀性質的工讀生申請。

- 須會Python, 並曾在網路爬取資料
- 抓取資料及分析資料(BeautifulSoup/Selenium模組), 以利",3/12,https://www.104.com.tw/job/6wleb?ro=0&kwop=7&keyword=Python&order=15&asc=0&page=5&mode=s&jobsource=jolist_c_relevance,新竹縣竹北市光明三路59號5樓,新竹縣竹北市,經歷不拘,專科
92,全富數位有限公司,網際網路相關業,後端工程師 Python Engineer,1,"歡迎有一定程度 Python基礎，並具 Web 研發相關知識， 
願意對技術持續精進的熱血工程師投遞。 

職責要求： 
1. 從事 Python Web 相關工作。 
2. 熟悉網路爬蟲技術
3. 持續優化產品的效能和質量
4.",3/22,https://www.104.com.tw/job/6izvs?ro=0&kwop=7&keyword=Python&order=15&asc=0&page=5&mode=s&jobsource=jolist_c_relevance,台中市北區崇德路一段631號11樓之1,台中市北區,經歷不拘,學歷不拘
93,緯創軟體股份有限公司,電腦軟體服務業,【 2021軟體技術人才招募】Python 工程師,1,"【１年以上軟體相關經驗者，歡迎投遞！】

【職缺內容】
1. Developing backend services 
2. Design, maintain and scale our distributed infrastructure
3. Propose new ways and technologies for automation

【主要產業】
銀行/保險/證券/半導體/面板/電子/通訊業...等系統開發

【工作地點】
新竹或台北

【薪資】
面議(依經驗與能力核薪)

緯創軟體是台灣唯一專注於全球交付的資訊服務上櫃公司。因應業績不斷成長，需要大量人才加入國際軟體開發團隊。

因專案眾多，將根據您產業經驗、技術程度、專長類別、與期待工作地點，於面試時詳談工作內容與機會，錄取後即為緯創軟體正職人員，歡迎有經驗者加入我們這個大家庭~",3/23,https://www.104.com.tw/job/69za2?ro=0&kwop=7&keyword=Python&order=15&asc=0&page=5&mode=s&jobsource=jolist_c_relevance,新北市汐止區新竹或台北,新北市汐止區,經歷不拘,專科
94,萬寶華企業管理顧問股份有限公司,人力仲介代徵,【金融業】商業分析師(SQL/Python)_208TF,1,"1. 負責<數據運營、智能驅動>策略與應用規劃
2. 以數據分析洞察客戶需求/行為/偏好、描畫客戶標籤畫像，提供以數據科技為基礎之商業解決方案
3. 支持前台(行銷獲客)、中台(風險管理)、後台(客戶服務)，全面性數據運營模式導入
4.負責數據應用導入，包含客戶標籤、決策引擎與客戶視圖Dashboard等導入流程規劃、策略部署與上線驗證 
5.建立並管理實驗迭代機制，以事前回溯分析、事中場景測試與事後回饋優化，提供最佳推薦與最佳客戶體驗
",3/22,https://www.104.com.tw/job/5o138?ro=0&kwop=7&keyword=Python&order=15&asc=0&page=5&mode=s&jobsource=jolist_c_relevance,台北市南港區,台北市南港區,4年以上,大學
95,鴻佰科技股份有限公司,電腦及其週邊設備製造業,Python開發工程師(工作地:新竹工業區_湖口),1,"1.負責軟體開發專案管理以及廠商管理
2.軟體程式之撰寫、測試與修改 
3.線上專案系統維運，程式修改及資料庫維護等工作 
4.系統分析及設計工作 
5.專案文件撰寫製作",3/19,https://www.104.com.tw/job/75lyf?ro=0&kwop=7&keyword=Python&order=15&asc=0&page=5&mode=s&jobsource=jolist_c_relevance,新竹縣湖口鄉,新竹縣湖口鄉,2年以上,大學
96,童綜合醫療社團法人童綜合醫院,醫院,資訊部Python 工程師,1,"熟Python, Flask, Pandas, 基本SQL語法。
對HTML，CSS，Javascript有基本之認識(不一定要非常專精，但與前端工程師溝通時會需要初階的知識)。
具備Linux基本操作能力，與基本Git使用能力。
具備良好",3/22,https://www.104.com.tw/job/6upji?ro=0&kwop=7&keyword=Python&order=15&asc=0&page=5&mode=s&jobsource=jolist_c_relevance,台中市梧棲區臺灣大道八段699號,台中市梧棲區,經歷不拘,學歷不拘
97,奇力速工業股份有限公司,其他電子零組件相關業,Python軟體工程師,1,"1. 熟悉Python程式語言
2. 熟悉QT Designer 和Pyside2 
3. 擁有通訊技術能力: 如RS232、TCP、UART...
4. 維護及修改公司既有產品
5. 具備良好之溝通、團隊合作之能力。
6. 對新設備新領域開發有",3/23,https://www.104.com.tw/job/6vayl?ro=0&kwop=7&keyword=Python&order=15&asc=0&page=5&mode=s&jobsource=jolist_c_relevance,新北市新莊區化成路83巷30號1樓,新北市新莊區,經歷不拘,專科
98,羅寶機器人教育中心_達文西科技有限公司,其他教育服務業,Python程式設計老師(台北市),1,"1.Python相關課程教學、課程設計規劃、教案製作
2.對教育有熱忱、有耐心及具控班能力
3.喜愛教學、認真負責、喜與孩子相處
4.個性開朗大方、性情溫和、喜歡解決問題、擅溝通、表達力佳
5.經驗不拘、具備兒童才藝及安親教學經驗者尤佳
6.有程",3/23,https://www.104.com.tw/job/786nk?ro=0&kwop=7&keyword=Python&order=15&asc=0&page=5&mode=s&jobsource=jolist_c_relevance,台北市內湖區康寧路三段56巷162號1樓,台北市內湖區,經歷不拘,大學
99,羅寶機器人教育中心_達文西科技有限公司,其他教育服務業,Python程式設計老師(新北市),1,"1.Python相關課程教學、課程設計規劃、教案製作
2.對教育有熱忱、有耐心及具控班能力
3.喜愛教學、認真負責、喜與孩子相處
4.個性開朗大方、性情溫和、喜歡解決問題、擅溝通、表達力佳
5.經驗不拘、具備兒童才藝及安親教學經驗者尤佳
6.有程",3/23,https://www.104.com.tw/job/786p5?ro=0&kwop=7&keyword=Python&order=15&asc=0&page=5&mode=s&jobsource=jolist_c_relevance,新北市樹林區,新北市樹林區,經歷不拘,大學
100,Linker Networks Inc._美商寶蘊凌科網路科技有限公司台灣分公司,電腦軟體服務業,Python Web Back-End Engineer/ Full-Stack Engineer 後端/全端開發工程師,1," use python/django to build the web app that managing the AI engines. You're welcome to work as a fullstack engineer, our",3/23,https://www.104.com.tw/job/73xzq?ro=0&kwop=7&keyword=Python&order=15&asc=0&page=6&mode=s&jobsource=jolist_b_relevance,台北市大安區忠孝東路三段136號9樓之5,台北市大安區,經歷不拘,大學
101,Linker Networks Inc._美商寶蘊凌科網路科技有限公司台灣分公司,電腦軟體服務業,[高雄] Python Web Back-End Engineer/ Full-Stack Engineer 後端/全端開發工程師,1," use python/django to build the web app that managing the AI engines. You're welcome to work as a fullstack engineer, our",3/23,https://www.104.com.tw/job/75ae4?ro=0&kwop=7&keyword=Python&order=15&asc=0&page=6&mode=s&jobsource=jolist_b_relevance,高雄市前鎮區高雄軟體園區,高雄市前鎮區,經歷不拘,大學
102,圓祐資訊股份有限公司,電腦軟體服務業,資深Python全端工程師,1,"您是一名頂尖的軟體工程師嗎？! 與世界頂尖專家一同工作，負責AI系統研發，舞台接軌國際，只看能力~不看年紀!
公司提供您一個自我實現的平台，歡迎有志挑戰國際市場的人才，加入我們的頂尖團隊!

1. 精通Python及其擴展文檔、測試工具棧
2.",3/22,https://www.104.com.tw/job/6urf6?ro=0&kwop=7&keyword=Python&order=15&asc=0&page=6&mode=s&jobsource=jolist_b_relevance,台北市松山區,台北市松山區,2年以上,專科
103,萬寶華企業管理顧問股份有限公司,人力仲介代徵,[派遣至外商軟體龍頭] Software Engineer 軟體工程師 - 歡迎應屆畢業生 - 熟悉Python/C#佳 - 105SL,1," python and an interest to learn and adopt new language features
• Excellent problem solving, design, coding and debugging",3/22,https://www.104.com.tw/job/6zmrz?ro=0&kwop=7&keyword=Python&order=15&asc=0&page=6&mode=s&jobsource=jolist_b_relevance,台北市信義區台北市信義區忠孝東路五段68號,台北市信義區,經歷不拘,大學
104,Deep01_愛因斯坦人工智慧股份有限公司,其它軟體及網路相關業,Python後端軟體工程師,1,"年薪80萬~120萬

工作需求
1. 熟悉Python與MySQL 並有資料庫設計經驗
2. 熟悉Linux與AWS 並有伺服器架設/API製作/系統整合經驗
3. 熟悉常用網路協定
4. 加分: 學習能力快，抗壓性強 ，樂於團隊合作

工作內",3/22,https://www.104.com.tw/job/6qzbj?ro=0&kwop=7&keyword=Python&order=15&asc=0&page=6&mode=s&jobsource=jolist_b_relevance,新北市板橋區中山路一段(近板新捷運站/板橋捷運站),新北市板橋區,經歷不拘,學歷不拘
105,早餐吃麥片_饌元有限公司,食品什貨零售業,資深後端 Python 工程師 - UrMart | 早餐吃麥片,1,"我們正在尋找擁有對技術與商業有同等熱誠，認為用戶體驗至上的後端工程師。你擁有1 年以上的軟體開發經驗，你的職責會是與技術團隊開發能幫助 公司業務 與 使用者體驗滿意度 成長的新功能，幫助我們獲得更多用戶與回購率，甚至是透過開發內部工具改善團隊的工作流程與效率 

我們不傾向重新造輪子， 但希望你具備有如何讓程式碼好維護的開發思維，能寫出簡潔又效能好的程式碼，並具備有以元件化和模組化思維來建構系統的能力。我們希望你跟現有團隊成員一樣，對於學習新技術（知識）充滿熱情，並且喜歡與人合作，分享自己的經驗，成為團隊成長的催化劑

面對用戶，我們是一家 Product-Driven 的公司，我們相信唯有打造好產品、挖掘挑選好商品，才能吸引用戶、留住用戶；團隊內部，我們是一家 Data-Driven 的公司，討論與決策皆基於數據、圍繞於用戶，面向使命與願景，透過數據與技術，讓服務品質不斷升級。我們喜歡永遠不滿足，想把事情做好，不害怕嘗試新挑戰，以成就感為食的人

我們的使命是：為下一代人找到更好的生活方式

【工作內容 】
1. 調整和優化系統，依據需求開發和重構模組
2. 協助數據資料整理及報表建置
3. 第三方 API 串接（金流, 通知, CRM tool... etc.）
4. RESTful API 建置
5. 工程文件撰寫

【工作要求 】
1. 3 年以上工作經驗 或 從無到有完整參與產品開發
2. Django 產品開發經驗2年以上
3. DRF專案經驗，設計過 RESTful API
4. 效能優化經驗
5. PostgreSQL、MySQL語法使用
6. 熟悉 git 版本控制與開發流程
7. 使用過任一種 Cloud Service 架設網站

【加分條件】
1. 熟悉 AWS EC2 / Cache / RDS
2. 串接過金流 / FB API 等第三方工具
3. 良好的 Coding Style
4. 單元測試
5. 有CI/CD 的專案經驗
6. 有敏捷開發經驗


關注我們的LinkedIn ，認識更多面向的我們 : https://tw.linkedin.com/company/morningshop",3/22,https://www.104.com.tw/job/6621b?ro=0&kwop=7&keyword=Python&order=15&asc=0&page=6&mode=s&jobsource=jolist_b_relevance,台北市南港區八德路四段 768 巷 1 弄 20 號 3 樓之 1,台北市南港區,1年以上,大學
106,艾斯移動股份有限公司,電腦軟體服務業,應用服務開發工程師(Java/Python),1,"【工作內容】
1.    智能客服中台應用服務設計與開發 
2.    聊天機器人相關應用服務設計與開發 
3.    AI輔助工具設計與開發

【需求條件】
1.   有敏捷開發經驗。 
2.   可依產品story board快速規劃產品實作規格，如：開立 HTTP API 或 Restful API...等等。 
3.   可獨立操作 Linux 作業系統。 
4.   熟悉 HTTP / WebSocket 傳輸協定。 
5.   熟悉 JWT 應用。 
6.   熟悉使用 Jenkins 
7.   熟悉 git，有參與 git flow 經驗。 
8.   基本 RDB 資料庫操作 
9.   基本 Mongo DB 操作 
10. 基本 Redis 操作 
11.   基本 Elasticsearch 操作 
12.   熟悉微服務軟體建置 

*此職務須具備英文技術文件閱讀能力
*本職務可接受實習及兼職，一週須安排 3 天以上全日班。",3/19,https://www.104.com.tw/job/6nml7?ro=0&kwop=7&keyword=Python&order=15&asc=0&page=6&mode=s&jobsource=jolist_b_relevance,台北市大安區敦化南路2段76號5樓,台北市大安區,5年以上,專科
107,MyGo商學苑_平安房屋仲介股份有限公司,不動產經營業,MyGo-Python資深工程師/資料科學家,1,"我們是由一群具有熱誠、豐富產業經驗、有想法的夥伴，所共同組成的高戰鬥力不動產科技（Proptech）平台開發團隊，正在積極地找尋有熱情、有想法的專業人才。只要您是高手或好手，您~ 就是我們需要的合作夥伴，誠摯地邀請您的加入。( 此職務內容會針對房地產數據做大數據分析及推測 )

我們目前要建置一個不動產新創平台，供專業經紀人與客戶在平台上進行交易使用，針對土地與房屋資料做商業分析(BI)，資料庫進行ETL轉換成有用的資訊提供給平台上專業經紀人開發業務使用。同時，我們會進行房地產數據分析與視覺化，供上面的專業經紀人與客戶未來作為評估交易的相關資訊。",3/22,https://www.104.com.tw/job/6yjxf?ro=0&kwop=7&keyword=Python&order=15&asc=0&page=6&mode=s&jobsource=jolist_b_relevance,台北市中山區長春路176號4樓,台北市中山區,經歷不拘,專科
108,"Synopsys Taiwan Co., Ltd._台灣新思科技股份有限公司",電腦軟體服務業,"技術支援類: PDK Application Engineer (歡迎應屆畢業生投遞, 熟悉Script:Python, Perl,TCL尤佳)",1," Design Automation, or Electrical Engineering)
Experience and proficiency in computer languages: Tcl and/or Python. Perl and",3/17,https://www.104.com.tw/job/6uvvu?ro=0&kwop=7&keyword=Python&order=15&asc=0&page=6&mode=s&jobsource=jolist_b_relevance,新竹市,新竹市,經歷不拘,大學
109,昇銳電子股份有限公司,光學器材製造業,Python工程師  (中和辦公室),1,"1.應用程式開發
2.後台系統建置開發
3.網路爬蟲
4.GCP/AWS API串接
5.與前端工程師、UI/UX人員溝通協調",3/24,https://www.104.com.tw/job/6zloe?ro=0&kwop=7&keyword=Python&order=15&asc=0&page=6&mode=s&jobsource=jolist_b_relevance,新北市中和區板南路663號4樓,新北市中和區,經歷不拘,大學
110,遠東國際商業銀行股份有限公司,銀行業,Java/Python程式設計師,1,依據規劃與分析結果進行系統開發、驗證並負責上線後之維運工作,3/10,https://www.104.com.tw/job/75321?ro=0&kwop=7&keyword=Python&order=15&asc=0&page=6&mode=s&jobsource=jolist_b_relevance,台北市中正區襄陽路一號3樓,台北市中正區,3年以上,大學
111,創順科技有限公司,其它軟體及網路相關業,後端工程師 Back-end Engineer ( Python ),1,"
職責要求： 
1. 從事 Python Web 相關工作。
2. 負責 REST API 的開發和迭代，持續優化產品的效能和質量。
3. 設計與開發兼具效能、延展性、穩定性等之大型雲端服務。


任職資格：   
1. 具有良好的團隊合作意識，",3/24,https://www.104.com.tw/job/5oxtq?ro=0&kwop=7&keyword=Python&order=15&asc=0&page=6&mode=s&jobsource=jolist_b_relevance,"台北市內湖區瑞光路266號,268號6樓",台北市內湖區,經歷不拘,大學
112,創順科技有限公司,其它軟體及網路相關業,資深後端工程師 Sr. Back-end Engineer ( Python ),1,"【 人生苦短，我用 Python 】

職責要求：  
1. 負責以 Python 周邊技術為主的 web 服務的技術選型、架構設計。
2. 處理服務高並發、高可用的調優。
3. 新技術、工具的探索、研究和應用。
4. 實踐微服務架構",3/23,https://www.104.com.tw/job/5oxur?ro=0&kwop=7&keyword=Python&order=15&asc=0&page=6&mode=s&jobsource=jolist_b_relevance,"台北市內湖區瑞光路266號,268號6樓",台北市內湖區,3年以上,大學
113,國泰金控_國泰金融控股股份有限公司,金融控股業,"資料科學工程師（Data Science Python Engineer）-- 資料科學實驗室 (數數發中心, DDT)",1,"與程式開發，依照個人技術能力與發展安排，可能包含但不限如下相關內容：

- 資料 ETL 相關創新技術研究
- 基於 Spark ETL 技術，研發創新產品
- 基於 Python 語言之產品開發，推廣及後續維護
- 與數據分析師合作，進行機器學習",3/18,https://www.104.com.tw/job/6w7ov?ro=0&kwop=7&keyword=Python&order=15&asc=0&page=6&mode=s&jobsource=jolist_b_relevance,台北市信義區松仁路7號,台北市信義區,經歷不拘,大學
114,安碁資訊股份有限公司,網際網路相關業,【RD】Python後端開發工程師 - 2100125~2100128,1,"1.​ ​ ​ ​開發REST API，提供第三方服務介接

2.​ ​ ​ ​執行整合日常開發 ( CI/CD)、上線流程自動化等

3.​ ​ ​ ​支援專案類型開發，撰寫專案相關交付文件",3/23,https://www.104.com.tw/job/77eie?ro=0&kwop=7&keyword=Python&order=15&asc=0&page=6&mode=s&jobsource=jolist_b_relevance,台北市信義區,台北市信義區,經歷不拘,大學
115,跨界創新有限公司,電腦軟體服務業,後端工程師 Backend-end Engineer ( Python ),1,"在 Omos 將開發雲端電子商務相關應用。
你將會參與開發全通路的軟體與服務之分析/設計/開發/測試。

Omos 夥伴們注重團隊間的合作， 
大家熱衷新技術的學習也喜歡互相分享自己的經驗， 
希望你喜歡團隊合作更勝於單打獨鬥。
 
在 Omos 你將擁有很大的發揮空間與個人自由，我們也希望你有自我管理的精神與態度。我們將面對SEO， 跨裝置、跨瀏覽器相容性、多語系站台的題目，
希望你勇於嘗試，對新鮮事物具有探索及找到方法的能力。

# 主要技能 - Responsibilities 
- 2 年以上開發經驗
- 具有Flask/Sanic及Django或任意MVC框架開發經驗  
- 熟練DB建置 
- 了解 HTTP request 並有豐富與後端 API 開發經驗 
- 撰寫設計開發文件  
- 熟悉Git版本控制相關知識
- 了解 Docker/Kubernetes 容器佈屬運作方式
- 可獨立開發，提供後端服務

# 等級需求 - Requirements 
- 具備AWS網路怖局規劃實務經驗 
- 熟悉 DevOps 的過程與自動化工具 (CI/CD, Monitor, Cronjob-management, elk) 
- 有開發電商網站的經驗 
- 實作過 serverless 的佈署方式",3/15,https://www.104.com.tw/job/77xqk?ro=0&kwop=7&keyword=Python&order=15&asc=0&page=6&mode=s&jobsource=jolist_b_relevance,台北市大安區忠孝東路4段320號2樓B25,台北市大安區,經歷不拘,專科
116,台灣愛渠西來技術股份有限公司,電腦軟體服務業,Back End Developer__Python(須附英文履歷),1," relevant work experience.
•	Mandatory Programming Experience in Python, GoLang on Unix/Linux environments.
•	Experience with",3/19,https://www.104.com.tw/job/756nb?ro=0&kwop=7&keyword=Python&order=15&asc=0&page=6&mode=s&jobsource=jolist_b_relevance,新北市板橋區,新北市板橋區,5年以上,大學
117,神準科技股份有限公司,通訊機械器材相關業,(RR)Python自動化軟體開發工程師-南港,1,"1. 產品自動化驗證相關技術研究，驗証工具開發
2. 建置和維護自動化平台
3. 依據規格要求進行程式規劃及設計

程式語言以Python為主,Shell script 為輔

加分非必要
1.了解基本網路通訊協定
2.了解C, Python,",3/24,https://www.104.com.tw/job/75rd8?ro=0&kwop=7&keyword=Python&order=15&asc=0&page=6&mode=s&jobsource=jolist_b_relevance,台北市南港區南港路一段209號B棟,台北市南港區,3年以上,大學
118,直接跟農夫買股份有限公司,食品什貨零售業,友善環境農食 Python電子商務工程師,1,"
6.物流系統維護與串接
7.在進入下一個規模時，評估程式架構轉移的必要性。
8.以科技幫助內部流程優化


＝必備能力＝
1.3年以上電子商務網站開發與維運經驗
2.具 Python / Django 框架開發經驗
3.熟悉 ubuntu",3/10,https://www.104.com.tw/job/6b4tp?ro=0&kwop=7&keyword=Python&order=15&asc=0&page=6&mode=s&jobsource=jolist_b_relevance,桃園市桃園區民富12街62號,桃園市桃園區,3年以上,大學
119,環球睿視股份有限公司,網際網路相關業,AI/Python Dev(語音辨識/語意分析/文本分析/圖像辨識/數據分析),1,AIaaS之接地應用服務，助力客服諮詢/餐飲零售/旅遊觀光/運動休閒/醫療健康等領域之智慧科技導入進行數位轉型，亦為政府智慧創新(智慧政府服務)提供商，現徵選AI Python工程師，相關科系在校生或畢業生或相關經驗之開發者，若具有下列任一項相關開發經驗,3/22,https://www.104.com.tw/job/71f86?ro=0&kwop=7&keyword=Python&order=15&asc=0&page=6&mode=s&jobsource=jolist_b_relevance,台北市內湖區瑞光路335號7樓,台北市內湖區,經歷不拘,大學
120,動力安全資訊股份有限公司,電腦系統整合服務業,"軟體 工程師 (Java, Python, LabVIEW) - 台北或新竹",1,"[About the Job]
IoT物連網是甚麼？智慧建築(Smart Building)、智慧製造(Smart Factory)、智慧機房(Smart Data Center)等熱門新興產業，到底在做甚麼？在動力安全，你將會找到答案。

在動力安全，我們帶領企業客戶邁向以軟體整合應用(Software Defined)為基礎的智慧化轉型（智慧建築、智慧機房、智慧製造、物聯網與工業4.0）。協助客戶提高安全與效率，增強在國際上的競爭能力。若你對智慧產業及IoT物連網有興趣，以及對寫軟體程式、學習新技術充滿熱忱，歡迎你加入動力安全的行列。

[Role and Responsibilities]  
- 設計開發智慧化的應用軟體系統
- 編寫軟體規格文件，測試計劃等
- 需與其它部門協同合作",3/18,https://www.104.com.tw/job/44234?ro=0&kwop=7&keyword=Python&order=15&asc=0&page=7&mode=s&jobsource=jolist_a_relevance,台北市內湖區行愛路77巷16號4樓 (或 新竹縣竹北市嘉豐南路二段76號3樓之2),台北市內湖區,經歷不拘,大學
121,兆洋資訊股份有限公司,電腦軟體服務業,【台北內湖】後端工程師(Python) -月薪6~9萬,1,"【Backend Engineer (Python)】

[工作內容] 
1. 後端API開發
2. Unit Test
3. 建構分佈式運算叢集系統
4. 根據需求設計與開發機器學習應用模組
5. 配合產品上線時程，須於非上班時間On call",3/24,https://www.104.com.tw/job/71awk?ro=0&kwop=7&keyword=Python&order=15&asc=0&page=7&mode=s&jobsource=jolist_a_relevance,台北市內湖區堤頂大道二段181號2樓(東京企業總部),台北市內湖區,經歷不拘,碩士
122,神準科技股份有限公司,通訊機械器材相關業,【2021年研發替代役/預聘】Python自動化軟體開發工程師-南港,1,"1. 產品自動化驗證相關技術研究，驗証工具開發
2. 建置和維護自動化平台
3. 依據規格要求進行程式規劃及設計

程式語言以Python為主,Shell script 為輔

加分非必要
1.了解基本網路通訊協定
2.了解C, Python,",3/24,https://www.104.com.tw/job/77ekh?ro=0&kwop=7&keyword=Python&order=15&asc=0&page=7&mode=s&jobsource=jolist_a_relevance,台北市南港區南港路一段209號B棟,台北市南港區,經歷不拘,大學
123,國泰金控_國泰金融控股股份有限公司,金融控股業,"數位研發專業人員-Python Software Engineer(數數發中心, DDT)",1,"1. Design, build, and maintain efficient, reusable, and reliable code.
2. Build up a data APIs platform and integrate with open APIs.
3. Maintain existing codebase, to include troubleshooting bugs and add new features.
4. Ensure the best possible performance, quality, and responsiveness of the applications.
5. Work with stakeholders including the Executive, Product, Data and Design teams to assist with data-related technical issues and support their data infrastructure needs.
6. Collaborate with a team to define, design, and ship new features.
7. Participate in an Agile/SCRUM environment/team.",3/18,https://www.104.com.tw/job/73u2r?ro=0&kwop=7&keyword=Python&order=15&asc=0&page=7&mode=s&jobsource=jolist_a_relevance,台北市信義區忠孝東路五段68號,台北市信義區,3年以上,大學
124,鈦度科技有限公司,網際網路相關業,python工程師,1,"1. 開發網站(如Django framework) 
2. 系統串連，如以SQLAlchemy連結Relational Database (SQL Server)
3. 需熟悉OOP及MVC觀念及運用。 
4.  開發Restful API。 
5. 熟悉版本控制及testing技術。",3/21,https://www.104.com.tw/job/6xglu?ro=0&kwop=7&keyword=Python&order=15&asc=0&page=7&mode=s&jobsource=jolist_a_relevance,台北市內湖區洲子街183號3樓,台北市內湖區,2年以上,大學
125,將來商業銀行股份有限公司,銀行業,【資訊】Backend 後端開發工程師 ( Python / Java / C# .NET),1,"• 協助解決與提供業務端的可行的技術服務方案
 • 協助產品 、UI/UX 團隊討論服務流程與技術的可行性，找出解決方法
 • 與前端討論、定義並開發系統的 API 的資料格式 與 傳遞方式
 • 負責服務的後端需求與程式邏輯流程開發、資料庫設計
 • 與 SRE 團隊一同找出效能瓶頸並持續精進和優化服務
 • 與 QA 團隊一同參與測試並不斷提升服務產品的 Robust 可靠與強韌性
 • 負責與 DevOps 團隊討論、定義與找出完善服務系統的部署與持續整合流程
 • 找出最有趣、屬於「將來」的工作模式、一同參與制定產品的服務技術走向與技術團隊文化",3/22,https://www.104.com.tw/job/6s64x?ro=0&kwop=7&keyword=Python&order=15&asc=0&page=7&mode=s&jobsource=jolist_a_relevance,台北市大安區敦化南路二段95號,台北市大安區,3年以上,大學
126,悠實國際數位有限公司,電腦軟體服務業,【兼職】Python程式設計課程老師,2,"1.Python課程教學、課程設計規劃、教案製作及相關庶務。
2.對教育有熱忱、有耐心及具控班能力。
3.開朗善溝通、細心負責，能長期配合。
4.上班時間週六日為主，固定時段排課制。
5.須具備程式語言能力，依照能力經驗給薪。
",3/18,https://www.104.com.tw/job/75thm?ro=0&kwop=7&keyword=Python&order=15&asc=0&page=7&mode=s&jobsource=jolist_a_relevance,新北市板橋區近捷運環狀線新埔民生站、捷運板南線新埔站1號出口,新北市板橋區,1年以上,大學
127,昇陽國際半導體股份有限公司,半導體製造業,IE工程師-W541100,1,"1.Work with Fab to monitor MFG related issues,continuously improve dispatching ,and enhance production/OEE.
2.Cost-based analyze and simulate for new products or mass production, and make cost reduction plan.
3.Responding quickly to handle multiple projects with MFG. PE,EE,PIE and IT team.
4.Well operation on statistics for date mining & date analysis.",3/21,https://www.104.com.tw/job/61qm7?ro=0&kwop=7&keyword=Python&order=15&asc=0&page=7&mode=s&jobsource=jolist_a_relevance,新竹市力行路6號,新竹市,2年以上,碩士
128,國泰金控_國泰金融控股股份有限公司,金融控股業,"資料科學工程師（Data Science Python Backend Engineer）-- 資料科學實驗室  (數數發中心, DDT)",1,"我們 資料科學實驗室 的文化

- 我們樂於互相分享，也樂於互相學習
- 我們有主動發現問題，主動解決問題的特質
- 我們的討論風氣興盛，沒有階級之分

我們 資料科學實驗室 正在尋找後端工程師，加入產品團隊，一同討論產品功能與方向，並且負責產品之系統架構
設計與開發，樂於與產品團隊各角色合作，並保持主動積極的態度讓產品持續進步

- 設計多樣產品、服務的整合軟體框架
- 設計簡單、彈性的 API ，以對應不同的使用者需求
- 設計容易測試、維護的軟體系統",3/18,https://www.104.com.tw/job/6k5ft?ro=0&kwop=7&keyword=Python&order=15&asc=0&page=7&mode=s&jobsource=jolist_a_relevance,台北市信義區松仁路7號,台北市信義區,5年以上,大學
129,鈦度科技有限公司,網際網路相關業,資深後端工程師（資深php後端願意轉python者歡迎）,1,"1. 開發應用軟體後端(如Django framework, Java SSH) . 資深php後端願意轉python者歡迎
2. 熟悉PGSQL SOLR者優先
3. 需熟悉OOP及MVC觀念及運用
4. 開發Restful API及機器學習相",3/21,https://www.104.com.tw/job/706jj?ro=0&kwop=7&keyword=Python&order=15&asc=0&page=7&mode=s&jobsource=jolist_a_relevance,台北市內湖區洲子街183號3樓,台北市內湖區,3年以上,大學
130,力成科技股份有限公司,半導體製造業,經營管理類-品管主任,1,"1.人員效率分析：ECRS人員效率量測、分析、改善
2.人員動態智能排程：VSM分析、Flexsim系統模擬
3.品質數據分析與Tableau資料視覺化建置與持續改善
4.自動化專案改善：異常影像辨識、Python機械學習與深度學習(",3/23,https://www.104.com.tw/job/34xws?ro=0&kwop=7&keyword=Python&order=15&asc=0&page=7&mode=s&jobsource=jolist_a_relevance,新竹縣湖口鄉大同路26號,新竹縣湖口鄉,1年以上,大學
131,四零四科技股份有限公司,電腦系統整合服務業,軟體自動化測試高級工程師 (20003I),1,"對應的自動化測試程式，開發語言是以 python 和 C/C++ 為主，希望透過 python 豐富的測試資源庫來提升開發的效率。

無論你是有經驗的或是想要嘗試朝自動化領域發展，都是我們想要尋找的夥伴。我們會提供相關的訓練，透過做中學的方式確保你",3/19,https://www.104.com.tw/job/73l14?ro=0&kwop=7&keyword=Python&order=15&asc=0&page=7&mode=s&jobsource=jolist_a_relevance,新北市新莊區新北大道四段3號13樓,新北市新莊區,3年以上,大學
132,富邦金融控股股份有限公司,金融控股業,數據暨建模人員,1,"
3.數據建模 : 使用Python ,R語言，根據命題挑選適當模型方法與參數處理進行多類型建模與冠軍模型挑選。
4.視覺化應用 : 善用視覺化工具溝通特徵值與模型分析結果，提升協作效率。",3/24,https://www.104.com.tw/job/6soxa?ro=0&kwop=7&keyword=Python&order=15&asc=0&page=7&mode=s&jobsource=jolist_a_relevance,台北市大安區,台北市大安區,3年以上,碩士
133,山富國際旅行社股份有限公司,旅遊服務業,Junior Software Engineer 初級軟體工程師(台北總公司),1,"1.	參與設計網頁後端架構
2.	進行網頁後端以及API開發
3.	撰寫技術文件
4.	主要工作語言: Python
",3/23,https://www.104.com.tw/job/6yzou?ro=0&kwop=7&keyword=Python&order=15&asc=0&page=7&mode=s&jobsource=jolist_a_relevance,台北市中山區南京東路二段85號4樓(自強大樓),台北市中山區,1年以上,大學
134,勝德國際研發股份有限公司,電腦及其週邊設備製造業,物聯網應用工程師/助理工程師,1,"Javascript
1. 負責Restful API設計開發。
2. 暸解如何使用JavaScript存取資料庫。
3. 編寫及維護開發文件。
4. 有Node.JS開發經驗尤佳。

Python
1. 依據物聯網產品測試規格執行測試。
2.",3/17,https://www.104.com.tw/job/71lgo?ro=0&kwop=7&keyword=Python&order=15&asc=0&page=7&mode=s&jobsource=jolist_a_relevance,新北市中和區,新北市中和區,1年以上,專科
135,香港商亞思博數位媒體股份有限公司台灣分公司,網際網路相關業,【擴編徵才】爬蟲開發工程師,1,"悉 Python程式語言
2. 熟悉網路爬蟲相關技能 (Selenium, Beautiful Soup)
3. 熟悉基本html tag, JavaScript
",3/22,https://www.104.com.tw/job/76bka?ro=0&kwop=7&keyword=Python&order=15&asc=0&page=7&mode=s&jobsource=jolist_a_relevance,台北市中山區復興北路 420 號 14F,台北市中山區,2年以上,大學
136,勝德國際研發股份有限公司,電腦及其週邊設備製造業,物聯網應用工程師/資深工程師,1,"Javascript
1. 負責Restful API設計開發。
2. 暸解如何使用JavaScript存取資料庫。
3. 編寫及維護開發文件。
4. 有Node.JS開發經驗尤佳。

Python
1. 依據物聯網產品測試規格執行測試。
2.",3/12,https://www.104.com.tw/job/77vh8?ro=0&kwop=7&keyword=Python&order=15&asc=0&page=7&mode=s&jobsource=jolist_a_relevance,新北市中和區,新北市中和區,1年以上,專科
137,就業情報資訊股份有限公司新竹分公司,人力仲介代徵,CPU 測試助理工程師(派駐聯發科-竹科E/AT),1,"1.根據給定的 spec.，開發系統化能自動運行的 python 工具
2.使用 Python 進行資料整理及統計分析
3.與同仁協作維護自動化平台運行",3/22,https://www.104.com.tw/job/75r1n?ro=0&kwop=7&keyword=Python&order=15&asc=0&page=7&mode=s&jobsource=jolist_a_relevance,新竹市聯發科-竹科E棟,新竹市,經歷不拘,大學
138,中佑資訊有限公司,網際網路相關業,深度學習開發工程師,1,"1. Python/C/C++/Java，與深度學習影像辨識相關之應用程式設計開發。
2. TensorFlow/Python之深度學習模型訓練、推論與最佳化。
3. Web Service API設計與開發。

",3/23,https://www.104.com.tw/job/6sgut?ro=0&kwop=7&keyword=Python&order=15&asc=0&page=7&mode=s&jobsource=jolist_a_relevance,台中市西屯區市政北二路238號36樓之1,台中市西屯區,經歷不拘,專科
139,貿聯國際股份有限公司,其他電子零組件相關業,電子工程師(TPOW),1, Python codes for signal integrity analysis	,3/22,https://www.104.com.tw/job/717og?ro=0&kwop=7&keyword=Python&order=15&asc=0&page=7&mode=s&jobsource=jolist_a_relevance,新北市中和區建一路186號3樓,新北市中和區,3年以上,碩士
140,廣達電腦股份有限公司,電腦及其週邊設備製造業,雲端應用伺服器自動化程式開發 - J1626,1,"1.雲端伺服器、網路與儲存設備之研發驗證、雲端應用、資料中心管理與效能調校分析相關的自動化程式開發。
2.開發工具包括Python, Linux Bash, Java 或 Windows Powershell 以符合相關應用。
3.工作待遇/",1/26,https://www.104.com.tw/job/6g38j?ro=0&kwop=7&keyword=Python&order=15&asc=0&page=8&mode=s&jobsource=jolist_b_relevance,桃園市龜山區文化二路211號,桃園市龜山區,經歷不拘,大學
141,山富國際旅行社股份有限公司,旅遊服務業,Data Engineer 數據工程師(台北總公司),1,"主要工作:
1.	設計數據流(Data Pipeline)從資料庫、API中取得及彙整資料
2.	依據商業需求完成自動化報表及數據視覺化
3.	透過統計或建模回答/解決商業問題

主要使用工具: Python, SQL",3/23,https://www.104.com.tw/job/73ifb?ro=0&kwop=7&keyword=Python&order=15&asc=0&page=8&mode=s&jobsource=jolist_b_relevance,台北市中山區南京東路二段85號4樓(自強大樓),台北市中山區,1年以上,大學
142,中強光電股份有限公司,光電產業,研發類-無人機AI演算法工程師(CIRC),1,"無人機巡檢應用
A.AI 模型程式撰寫。（需要使用 Python / TensorFlow） 
B.AI 演算法開發。 
",3/23,https://www.104.com.tw/job/6vzj4?ro=0&kwop=7&keyword=Python&order=15&asc=0&page=8&mode=s&jobsource=jolist_b_relevance,新竹市力行路11號,新竹市,3年以上,大學
143,優達科技股份有限公司,電腦及其週邊設備製造業,Product Engineer/Testing Engineer,1,"工作職責：
1. 設計與優化產品生產測試流程與方式
2. 熟悉工廠生產與測試流程
3. 熟悉網通產品的功能與應用
4. 熟悉Python/C語言相關開發技術
5. 測試報告與技術文件撰寫",3/18,https://www.104.com.tw/job/6x3mc?ro=0&kwop=7&keyword=Python&order=15&asc=0&page=8&mode=s&jobsource=jolist_b_relevance,新北市土城區忠承路,新北市土城區,經歷不拘,大學
144,聯詠科技股份有限公司,半導體製造業,AI語音系統軟體開發工程師 (SoC_LTD-SA),1,"1.	熟悉Linux系統, 具C/C++/Python程式語言設計經驗 
2.	熟悉Machine Learning以及Deep Learning framework, 具AI需求分析與應用開發經驗 
3.	具Machine Learning",1/27,https://www.104.com.tw/job/6e9et?ro=0&kwop=7&keyword=Python&order=15&asc=0&page=8&mode=s&jobsource=jolist_b_relevance,新竹市篤行一路2號,新竹市,經歷不拘,碩士
145,騰雲運算股份有限公司,網際網路相關業,雲端維運工程師,1,"1. 公、私有雲平台維運(AWS、阿里雲)。
2. 實施CDN節點部署、調度及優化作業。
3.雲端安全維運以及監控。專案管理與製作文件報告。
4. 處理客戶障礙問題判斷與異常排除，並完成主管交辦事項。
5.熟悉Python 撰寫自動化系統",3/24,https://www.104.com.tw/job/6yr4h?ro=0&kwop=7&keyword=Python&order=15&asc=0&page=8&mode=s&jobsource=jolist_b_relevance,新北市新莊區新北大道四段185號5樓,新北市新莊區,經歷不拘,專科
146,緯創資通股份有限公司,電腦及其週邊設備製造業,Switch Diagnostics SW 技術經理_新竹/內湖,1, Exceptional C and Python programming skill,2/01,https://www.104.com.tw/job/758t8?ro=0&kwop=7&keyword=Python&order=15&asc=0&page=8&mode=s&jobsource=jolist_b_relevance,新竹市東區新安路5號,新竹市,5年以上,大學
147,日商優必達株式會社股份有限公司台灣分公司,電腦軟體服務業,(Senior) Backend Engineer 資深軟體工程師,1," programming skills (python, node.js, or golang preferred)
• Experience with Kubernetes, Docker, CI/CD Tools, ElasticSearch,",3/18,https://www.104.com.tw/job/6jmj8?ro=0&kwop=7&keyword=Python&order=15&asc=0&page=8&mode=s&jobsource=jolist_b_relevance,台北市松山區復興北路99號10樓,台北市松山區,經歷不拘,專科
148,香港商亞思博數位媒體股份有限公司台灣分公司,網際網路相關業,【擴編徵才】爬蟲開發工程師,1,"悉 Python程式語言
2. 熟悉網路爬蟲相關技能 (Selenium, Beautiful Soup)
3. 熟悉基本html tag, JavaScript
",3/17,https://www.104.com.tw/job/6gata?ro=0&kwop=7&keyword=Python&order=15&asc=0&page=8&mode=s&jobsource=jolist_b_relevance,台北市中山區復興北路 420 號 14F,台北市中山區,2年以上,大學
149,義隆電子股份有限公司,半導體製造業,《AG-02》演算法工程師,1,"度學習(需求至少兩項)。
程式語言需求：C語言。
分析數據需求：Python、Matlab或其他自行熟悉的工具。
",3/24,https://www.104.com.tw/job/6yxo6?ro=0&kwop=7&keyword=Python&order=15&asc=0&page=8&mode=s&jobsource=jolist_b_relevance,新竹縣寶山鄉創新一路12號(300),新竹縣寶山鄉,經歷不拘,碩士
150,康信創意科技有限公司,消費性電子產品製造業,軟體工程師,1,"工作內容
1.負責振動分析軟體之使用者介面開發
2.確保軟體系統能與本公司產品配合，以符合設計規格。
3.熟悉C#, Python, 大數據分析
4.對振動分析有興趣者佳
",3/23,https://www.104.com.tw/job/730g0?ro=0&kwop=7&keyword=Python&order=15&asc=0&page=8&mode=s&jobsource=jolist_b_relevance,台北市內湖區瑞光路335號6樓之2,台北市內湖區,經歷不拘,碩士
151,資通電腦股份有限公司,電腦軟體服務業,系統開發程式設計師(R4),1,"開發與維護『金融演算法系統後端平台』
-Python程式開發與除錯
-部署金融演算法到Linux Server
-資料庫表格設計
-Linux Server架設
",3/23,https://www.104.com.tw/job/6vhj8?ro=0&kwop=7&keyword=Python&order=15&asc=0&page=8&mode=s&jobsource=jolist_b_relevance,台北市中山區中山北路二段111號3樓,台北市中山區,經歷不拘,專科
152,帆宣系統科技股份有限公司,半導體製造業,軟體工程師-新竹(M6-4582),1,"1.巨量資料系統分析開發
2.客製化網路平台開發
3.具系統分析與系統設計能力
4.具備C# python R相關系統開發經驗尤佳",3/23,https://www.104.com.tw/job/6qfxb?ro=0&kwop=7&keyword=Python&order=15&asc=0&page=8&mode=s&jobsource=jolist_b_relevance,新竹市公道五路二段83號6樓之3,新竹市,經歷不拘,大學
153,Gogoro Taiwan Limited_睿能創意股份有限公司,機車及其零件製造業,Gogoro Network_Network Data Analyst,1, engineering related experience (python) so that you can support common data process and help extract key features that solve,3/18,https://www.104.com.tw/job/76oaa?ro=0&kwop=7&keyword=Python&order=15&asc=0&page=8&mode=s&jobsource=jolist_b_relevance,台北市松山區,台北市松山區,3年以上,大學
154,四零四科技股份有限公司,電腦系統整合服務業,軟體自動化測試工程師(20007Q),1,"對應的自動化測試程式，開發語言是以 python 和 C/C++ 為主，希望透過 python 豐富的測試資源庫來提升開發的效率。

無論你是有經驗的或是想要嘗試朝自動化領域發展，都是我們想要尋找的夥伴。我們會提供相關的訓練，透過做中學的方式確保你",3/19,https://www.104.com.tw/job/736yx?ro=0&kwop=7&keyword=Python&order=15&asc=0&page=8&mode=s&jobsource=jolist_b_relevance,新北市新莊區新北大道四段3號13樓,新北市新莊區,經歷不拘,大學
155,遠東集團HAPPY GO_鼎鼎聯合行銷股份有限公司,廣告行銷公關業,數據工程師 Data Engineer,1,"Happy Go擁有超過900萬實名卡友，透過在全台數萬個實體與虛擬通路中的活動，交織出龐大的行為數據。
利用這些大數據進行分析、應用，進而驅動決策，為卡友帶來更多快樂的體驗，是Happy Go一路以來在數據上的發展方向。
歡迎對於大數據處理、分析、應用有熱忱，想利用數據來打造職涯藍圖的人才加入我們!

1.協助DW (資料倉儲)、ETL的開發及管理
2.與業務團隊溝通合作，利用BI、Campaign工具協助驅動行銷與決策。
3.規劃、設計、應用各雲端平台的Cloud Service，打造數據應用環境。",3/15,https://www.104.com.tw/job/75mfu?ro=0&kwop=7&keyword=Python&order=15&asc=0&page=8&mode=s&jobsource=jolist_b_relevance,新北市板橋區板橋大遠百旁Mega百揚大樓,新北市板橋區,經歷不拘,大學
156,雲馥數位股份有限公司,網際網路相關業,Data Scientist Engineer,1," languages to derive meaningful data insights (e.g., Python, R, Spark, TensorFlow, Jupyter, etc.)




",3/24,https://www.104.com.tw/job/77g00?ro=0&kwop=7&keyword=Python&order=15&asc=0&page=8&mode=s&jobsource=jolist_b_relevance,新北市三重區重新路四段12號11樓,新北市三重區,3年以上,碩士
157,好物有限公司,網際網路相關業,程式設計師,1,"1.電子商務網站/電子發票平台開發、維護
2.金物流系統串接
3.簡易網站套版開發
4.App伺服器端服務開發
5.API串接
6.熟python, django佳
7.完成主管交付任務",3/22,https://www.104.com.tw/job/4fa2t?ro=0&kwop=7&keyword=Python&order=15&asc=0&page=8&mode=s&jobsource=jolist_b_relevance,新北市板橋區大同街2號11F,新北市板橋區,1年以上,高中
158,廣達電腦股份有限公司,電腦及其週邊設備製造業,人工智慧自動化測試工程師 - J1892,1,"１.整理測試結果與撰寫測試報告
２.網頁測試、壓力測試、效能測試
３.具備解決問題的能力，及良好團隊合作與溝通能力
 4.工作待遇：面議，將依學經歷進行敘薪、職稱核算 ",1/26,https://www.104.com.tw/job/6wtc5?ro=0&kwop=7&keyword=Python&order=15&asc=0&page=8&mode=s&jobsource=jolist_b_relevance,桃園市龜山區文化二路211號,桃園市龜山區,2年以上,大學
159,晶元光電股份有限公司(晶電),光電產業,系統開發工程師(竹科),1,"1.生產數據預測、分析Model設計
2.投入與產出模擬Model設計、訂單與產出模擬Model設計
3.專案需求訪談、開發設計、系統分析並製作系統需求規格書文件
",3/19,https://www.104.com.tw/job/66fll?ro=0&kwop=7&keyword=Python&order=15&asc=0&page=8&mode=s&jobsource=jolist_b_relevance,新竹市力行路21號,新竹市,1年以上,大學
160,台灣利優資訊科技有限公司,人力派遣服務,System Performance + Stress Test,1," Accelerometer, Gyro meter, Ambient Light Sensor, etc
6.Programming Experience in Python",3/22,https://www.104.com.tw/job/77nte?ro=0&kwop=7&keyword=Python&order=15&asc=0&page=9&mode=s&jobsource=jolist_a_relevance,台北市大安區,台北市大安區,3年以上,專科
161,中華資安國際股份有限公司,電腦軟體服務業,資安系統開發工程師,1,"此職務的工作內容：
1. 參與資安服務資訊系統開發及維運
2. 機器學習相關技術實作與應用
3. 主要接觸技術：Java Spring Framework、Python、Vue.js、ML、ELK、PostgreSQL",3/23,https://www.104.com.tw/job/71scf?ro=0&kwop=7&keyword=Python&order=15&asc=0&page=9&mode=s&jobsource=jolist_a_relevance,台北市大安區愛國東路 31 號通信大樓 11 樓,台北市大安區,經歷不拘,大學
162,財團法人人工智慧科技基金會,其他組織,AI Engineer / 人工智慧工程師,1,"1、執行人工智慧相關專案
2、參與製作企業課程教材與技術分享
3、需配合出差，擔任企業課程講師或洽談專案",3/17,https://www.104.com.tw/job/62ro1?ro=0&kwop=7&keyword=Python&order=15&asc=0&page=9&mode=s&jobsource=jolist_a_relevance,台北市大安區新生南路一段93號6樓,台北市大安區,經歷不拘,大學
163,緯創資通股份有限公司,電腦及其週邊設備製造業,軟體測試工程師_汐止_00000,1,"1. 測試計畫與測試項目的安排規劃與撰寫
2. 對於NB軟體進行整合測試/功能測試 
3. 相關產品測試環境建置 
4. 問題追蹤處理，測試報告撰寫
5. 與相關合作單位溝通及協調
6. 其他交辦事項",3/16,https://www.104.com.tw/job/6op1d?ro=0&kwop=7&keyword=Python&order=15&asc=0&page=9&mode=s&jobsource=jolist_a_relevance,新北市汐止區新台五路一段88號21樓/人力資源部,新北市汐止區,經歷不拘,大學
164,QNAP_威聯通科技股份有限公司,電腦軟體服務業,33130-後端軟體工程師(台北),1,"工作內容：
1. 軟體開發、測試
2. 效能分析、調校
3. 客戶技術支援
4. 技術研究

技能條件：
1. 熟悉後端開發技術(C, shell scripts, python, redis...)
2. 具RESTful API和後端系統軟體",3/23,https://www.104.com.tw/job/774ii?ro=0&kwop=7&keyword=Python&order=15&asc=0&page=9&mode=s&jobsource=jolist_a_relevance,台北市大安區新生南路1段111號,台北市大安區,經歷不拘,大學
165,財團法人人工智慧科技基金會,其他組織,AI Engineer / 人工智慧工程師（台中辦公室）,1,"1、執行人工智慧相關專案
2、參與製作企業課程教材與技術分享
3、需配合出差，擔任企業課程講師或洽談專案",3/17,https://www.104.com.tw/job/74eb1?ro=0&kwop=7&keyword=Python&order=15&asc=0&page=9&mode=s&jobsource=jolist_a_relevance,台中市西屯區文華路100號,台中市西屯區,經歷不拘,大學
166,和碩集團_和碩聯合科技股份有限公司,電腦及其週邊設備製造業,軟體開發工程師_9912,1,從事自動化程式開發，需在Windows OS或Linux OS平台上撰寫應用測試程式，需使用C/C++/Python/BATCH script等程式語言,3/12,https://www.104.com.tw/job/7778x?ro=0&kwop=7&keyword=Python&order=15&asc=0&page=9&mode=s&jobsource=jolist_a_relevance,台北市北投區立功街96號,台北市北投區,經歷不拘,大學
167,友通資訊股份有限公司,電腦及其週邊設備製造業,(總部)S8600-Marketing Intern,1," Python / Javascirpt
•	具電腦零組件組裝知識
•	Linkedin 廣告操作經驗
",3/23,https://www.104.com.tw/job/77gdv?ro=0&kwop=7&keyword=Python&order=15&asc=0&page=9&mode=s&jobsource=jolist_a_relevance,新北市汐止區新台五路一段97號10樓,新北市汐止區,經歷不拘,大學
168,長佳智能股份有限公司,其它軟體及網路相關業,軟體品保工程師(Software QA Engineer),1,"工作與學習並重是我們對工程師的期望,
希望您除了做""好""交付的工作之外,
學習成長也是很重要的一部份,所以我們希望您

1.依照產品規格建立測試計劃
2.學習並建立自動化測試環境及測試程式
3.測試報告撰寫、問題的重現及追踪
4.自我學習、主動提問
5.其它主管交辦事項

若您對自動化有滿滿的興趣,歡迎您一起來用程式幫你工作.",3/19,https://www.104.com.tw/job/6jklh?ro=0&kwop=7&keyword=Python&order=15&asc=0&page=9&mode=s&jobsource=jolist_a_relevance,台中市西區台灣大道二段573號8樓,台中市西區,2年以上,大學
169,緯創資通股份有限公司,電腦及其週邊設備製造業,【海外-越南專區】軟體測試工程師 _ 越南 _ 00000,1,"1. 測試計畫與測試項目的安排規劃與撰寫
2. 對於NB軟體進行整合測試/功能測試 
3. 相關產品測試環境建置 
4. 問題追蹤處理，測試報告撰寫
5. 與相關合作單位溝通及協調
6. 其他交辦事項

［安心出差/外派］公司訂有妥善照顧派外人員措施：
・派駐地完善之社會/醫療保險、合約簽屬高級別醫療院所
・派駐地高級住宿區或飯店及上下班接駁交通安排
・員工完整的關懷和照顧，含生活必要之協助
・機票、簽證安排",1/27,https://www.104.com.tw/job/750y3?ro=0&kwop=7&keyword=Python&order=15&asc=0&page=9&mode=s&jobsource=jolist_a_relevance,越南河南省同文工業區,越南,經歷不拘,大學
170,Gogoro Taiwan Limited_睿能創意股份有限公司,機車及其零件製造業,Sr. Test Automation Engineer_Taipei,1,"The Product Assurance Team is looking for an expert automation tester who is good in java / python, selenium, Robot",3/17,https://www.104.com.tw/job/6ulwz?ro=0&kwop=7&keyword=Python&order=15&asc=0&page=9&mode=s&jobsource=jolist_a_relevance,台北市松山區長安東路二段225號,台北市松山區,經歷不拘,大學
171,未來軟體開發有限公司,電腦軟體服務業,薪優☆海外遊戲測試工程師（無經驗可培訓）,1,"1.具備遊戲測試經驗，並熟悉產品邏輯與遊戲規則。
2.分配組員撰寫測試腳本並透過Bug Tracker回報測試結果。
3.具備H5、APP、IOS測試經驗佳。
4.透過規格進行測試用例規畫，發現問題並提供問題重現流程。
5.追蹤問題並主動回報工作進度。
6.執行主管交辦事項。

此職務為長期海外工作，公司環境佳福利優渥，重視人才發展，
如果你有熱情、對自己有期許想在職涯上有快速且優質發展，這絕對是您最佳的機會，快來把握吧！！（地點：杜拜）",3/18,https://www.104.com.tw/job/75in0?ro=0&kwop=7&keyword=Python&order=15&asc=0&page=9&mode=s&jobsource=jolist_a_relevance,東北亞,東北亞,1年以上,專科
172,緯創資通股份有限公司,電腦及其週邊設備製造業,Software Back-end Developer_汐止_T01588,1,"js, Python or .net core.
2. Build container-based services with state-of-the-art service platforms and/or tools (e.g.,",1/28,https://www.104.com.tw/job/74g1l?ro=0&kwop=7&keyword=Python&order=15&asc=0&page=9&mode=s&jobsource=jolist_a_relevance,新北市汐止區新台五路一段88號21樓,新北市汐止區,3年以上,大學
173,蜂群電子商務股份有限公司,網際網路相關業,Data Scientist/資料科學家,1,"1.透過機器學習最佳化派送流程、運輸路徑、補給路線
2.資料探勘客戶族群、訂單進行統計及分析，開發資料視覺化圖表
3.建構數據分析環境，並運用Python分析
4.具有大數據資料解析、數據洞察能力及良好邏輯分析與程式開發能力
5.能與其他系統開發",3/19,https://www.104.com.tw/job/76eob?ro=0&kwop=7&keyword=Python&order=15&asc=0&page=9&mode=s&jobsource=jolist_a_relevance,台北市內湖區陽光街321巷10號,台北市內湖區,2年以上,大學
174,物聯智慧股份有限公司,電腦及其週邊設備製造業,Software engineer(Cloud Service)軟體工程師,1," nodejs, python, shell script, etc. 
3. Good concept on http, TCP/IP network protocols. 
4. Good at socket programming.",3/22,https://www.104.com.tw/job/6nq9m?ro=0&kwop=7&keyword=Python&order=15&asc=0&page=9&mode=s&jobsource=jolist_a_relevance,台北市南港區南港路一段364號9樓,台北市南港區,2年以上,大學
175,荷蘭商萊博智科技股份有限公司台灣分公司,電腦軟體服務業,Software QA Engineer /軟體品管,1,"In this role on the SQA team, you will need to think both technically and creatively to find undiscovered flaws and exploits in our product, and then collaborate effectively with teammates and developers to analyze and fix them.

Responsibilities: 
•	Writing test cases
•	Setting up test environments and executing tests (functional, performance, load, scalability, security)
•	Bug isolation and investigation
•	Regression testing
•	Writing automation script
•	Load & stress testing (JMeter, LoadRunner, isolating bottlenecks)",3/18,https://www.104.com.tw/job/74h23?ro=0&kwop=7&keyword=Python&order=15&asc=0&page=9&mode=s&jobsource=jolist_a_relevance,台北市信義區,台北市信義區,經歷不拘,專科
176,緯創集團_緯昌科技股份有限公司,電腦及其週邊設備製造業,後端軟體應用工程師(Cloud Application Engineer),1,"1.協助建置Azure雲端環境、並提供維運管理。
2.依據客戶需求，提供Azure服務解決方案。
3.後端服務: Django framework (Python) /Sprint Boot framework (Java)
",3/19,https://www.104.com.tw/job/6u9tr?ro=0&kwop=7&keyword=Python&order=15&asc=0&page=9&mode=s&jobsource=jolist_a_relevance,台北市南港區園區街3之1號(G棟)17樓,台北市南港區,3年以上,專科
177,Nogle Taiwan Limited_諾傑股份有限公司,電腦軟體服務業,Quant Trader,1,"About us:
Offering futures and spot trading as well as multiple fiat on- and off-ramps, BTSE is designed as a one-stop solution for traders at all levels to conveniently deposit, trade, convert, and withdraw crypto- and fiat currencies.

As a BTSE Quant, you will develop, test, implement, and evaluate the performance of algorithmic trading strategies.

Responsibilities:

1. Perform research on market dynamics.
2. Design and test trading strategies to generate positive returns from market inefficiencies.
3. Fully implement said trading strategies, from data feed to order execution.
4. Generate P&L reports and objectively assess the performance of implemented trading strategies.

",3/17,https://www.104.com.tw/job/76775?ro=0&kwop=7&keyword=Python&order=15&asc=0&page=9&mode=s&jobsource=jolist_a_relevance,台北市信義區松仁路105號7樓,台北市信義區,經歷不拘,大學
178,儀鼎儀器股份有限公司,精密儀器相關製造業,自動化設備軟體工程師,1,"1. 負責公司內部基礎儀器設備的操作維護及技術支援。

2. 使用描述語言設計及維護儀器操作系統。#python

3. 設計或改良產線流程，提昇設備運作效率。

",3/18,https://www.104.com.tw/job/77tbj?ro=0&kwop=7&keyword=Python&order=15&asc=0&page=9&mode=s&jobsource=jolist_a_relevance,高雄市前鎮區新衙路286之9號8樓之1,高雄市前鎮區,經歷不拘,高中
179,酷遊天股份有限公司,旅遊服務業,QA測試工程師 (Growth Team),1,"KKday 的願景是讓每個人能夠隨心所欲地踏上旅程，足跡踏遍全世界。
即使疫情使跨國旅遊變得不可能，KKday 仍透過深化國內旅遊突破營收的上限，也成功獲得投資人的認可，於疫情最嚴重時募得 C 輪 7500 萬美金。

- Growth Team 負責許多協助公司成長相關方面的開發專案進行，進行的專案會根據業務需求碰觸到不同的平台和環境，除了平台產品的開發外，也有異業第三方串接相關的專案，會有較多的整合性測試需要進行。
- 在專案進行前期，與PM、設計師、工程師討論專案開發細節
- 根據專案規格需求制定測試計畫，編寫測試案例
- 進行整合性測試，其中包括後端和前端的相關上線測試，前端部分包括iOS/Android/PC/Mobile

我們希望你是這樣個性的人
- 做事情有耐心，不厭其煩
- 樂於學習新知
- 是 Team player ，且樂於溝通
- 願意親自把手弄髒
- 願意提供團隊你的想法，協助團隊成長

具備條件
- 兩年以上軟體產業測試工作經驗
- 具有執行整合性測試經驗
- 熟悉撰寫測試案例
- 熟悉 API 測試，且了解相關知識
",3/18,https://www.104.com.tw/job/75562?ro=0&kwop=7&keyword=Python&order=15&asc=0&page=9&mode=s&jobsource=jolist_a_relevance,台北市內湖區新湖一路128巷15號5樓,台北市內湖區,2年以上,專科
